Date,Subreddit,Ticker,Sentiment,Confidence,Upvotes,Comments,Start_Price,1D_Alpha(%),1W_Alpha(%),1M_Alpha(%),Post_Title
2025-06-18,stocks_picks,CRCL,POSITIVE,0.924,37,48,199.59,20.62,4.32,2.72,Grandmaster-Obi’s $CRCL Alert Delivers 125% Surge Amid Circle Internet’s Blockbuster Debut
2025-08-20,stocks_picks,PLTR,NEGATIVE,0.943,349,110,156.01,0.51,-0.88,12.61,$PLTR is down 16% in a week. Is the “bubble” bursting?
2025-08-20,stocks_picks,CRCL,NEGATIVE,0.943,349,110,137.81,-3.96,-8.89,0.29,$PLTR is down 16% in a week. Is the “bubble” bursting?
2025-08-20,stocks_picks,INTC,NEGATIVE,0.943,349,110,23.54,0.23,4.23,21.36,$PLTR is down 16% in a week. Is the “bubble” bursting?
2025-08-20,stocks_picks,MAAS,NEGATIVE,0.943,349,110,3.89,-3.12,2.86,-9.11,$PLTR is down 16% in a week. Is the “bubble” bursting?
2025-08-20,stocks_picks,LULU,NEGATIVE,0.943,349,110,198.12,0.43,2.43,-18.68,$PLTR is down 16% in a week. Is the “bubble” bursting?
2025-08-20,stocks_picks,CRWV,NEGATIVE,0.943,349,110,91.52,-0.4,4.58,32.13,$PLTR is down 16% in a week. Is the “bubble” bursting?
2025-08-20,stocks_picks,NBIS,NEGATIVE,0.943,349,110,67.47,-1.51,2.56,42.89,$PLTR is down 16% in a week. Is the “bubble” bursting?
2025-09-20,stocks_picks,IRA,NEUTRAL,0.934,383,63,N/A,N/A,N/A,N/A,Finally made $100k+ gains from a single stock
