Date,Source_Type,Subreddit,Ticker,Mentions_That_Day,Sentiment,Upvotes,Start_Price,1D_Alpha(%),1W_Alpha(%),1M_Alpha(%),Parent_Title,Original_Text
2026-01-30,COMMENT,stocks_picks,SNDK,4,NEUTRAL,22,576.25,14.95,3.96,-0.2,Sandisk is up 176% in a month - how?,"I caught this around $8 when they started pivoting hard into enterprise storage for AI workloads - wasn't exactly a secret if you were watching their earnings calls. The move makes sense given the data center demand, but 176% in a month screams momentum trade more than fundamental value. RSI is pushing 80+ on the daily so I'd be looking for a pullback before any new entries."
2026-01-30,COMMENT,stocks_picks,SNDK,4,NEUTRAL,2,576.25,14.95,3.96,-0.2,Sandisk is up 176% in a month - how?,funny how sandisk is up and wdc is left way behind today
2026-01-30,COMMENT,stocks_picks,SNDK,4,POSITIVE,7,576.25,14.95,3.96,-0.2,Sandisk is up 176% in a month - how?,"Huge SSD storage demand for AI data centers, Sandisk is the top maker of those. Makes sense to me it's so high."
2026-01-30,COMMENT,stocks_picks,SDSN,1,NEUTRAL,3,N/A,N/A,N/A,N/A,Sandisk is up 176% in a month - how?,1000x up in an year and will still go up but this is risky at some point it will go in a correction so you can wait.
2026-01-30,COMMENT,stocks_picks,MU,2,NEUTRAL,3,414.88,5.03,-4.67,-6.8,Sandisk is up 176% in a month - how?,"Invest 1,000 today and easily have 2,000 by April.  Good luck trying to buy MU. I heard MU will easily hit 1,000  next week in early February"
2025-10-26,COMMENT,stocks_picks,BYND,5,NEUTRAL,3,1.81,8.85,-22.93,-51.16,We got this people 🚀🚀🚀,If u guys pull this off with bynd I will definitely give you my respect
2025-10-23,COMMENT,stocks_picks,AAPL,1,NEUTRAL,4,259.09,0.43,3.35,6.58,We got this people 🚀🚀🚀,Pump will happen after accumulation. We’re in the second accumulation phase.  Next week is the week of bliss
2025-10-23,COMMENT,stocks_picks,TSLA,1,NEUTRAL,4,448.98,-4.22,-3.18,-11.0,We got this people 🚀🚀🚀,Pump will happen after accumulation. We’re in the second accumulation phase.  Next week is the week of bliss
2026-01-30,COMMENT,stocks_picks,MU,2,POSITIVE,3,414.88,5.03,-4.67,-6.8,True or nah?,"$MU  $SNDK  Been in since November. It’s been glorious.  While the regards argue over ASTS vs RKLB or NBIS vs CRWV and all that shit, these flash / ram motherfuckers were out 10xing right now."
2026-01-30,COMMENT,stocks_picks,SNDK,4,POSITIVE,3,576.25,14.95,3.96,-0.2,True or nah?,"$MU  $SNDK  Been in since November. It’s been glorious.  While the regards argue over ASTS vs RKLB or NBIS vs CRWV and all that shit, these flash / ram motherfuckers were out 10xing right now."
2025-09-20,COMMENT,stocks_picks,AAPL,2,NEUTRAL,9,255.59,-0.1,-0.17,1.95,Finally made $100k+ gains from a single stock,"I admire your loyalty, I'm too paper handed to hold for so long. It stresses me out worrying it might crash anytime"
2025-09-20,COMMENT,stocks_picks,PLUG,1,NEGATIVE,3,2.65,-3.98,-13.87,17.07,Finally made $100k+ gains from a single stock,"Worth noting that this account is overall up 224% since October 2019 when I first started investing and I lost $15k on companies like Plug Power, lost like $5k on NIO and others. Not a bad win/loss ratio overall."
2025-09-20,COMMENT,stocks_picks,NIO,1,NEGATIVE,3,6.91,0.83,4.82,-2.26,Finally made $100k+ gains from a single stock,"Worth noting that this account is overall up 224% since October 2019 when I first started investing and I lost $15k on companies like Plug Power, lost like $5k on NIO and others. Not a bad win/loss ratio overall."
2025-09-21,COMMENT,stocks_picks,TSLA,2,NEUTRAL,3,434.21,-1.38,2.55,1.26,Finally made $100k+ gains from a single stock,Is it too late to buy at 70$?
2025-09-21,COMMENT,stocks_picks,IONQ,1,NEUTRAL,2,71.94,4.99,-10.2,-17.96,Finally made $100k+ gains from a single stock,Congratulations! Wish I had bought more as well! I have a very small position in IonQ as I saw it as a risky future play!
2025-09-21,COMMENT,stocks_picks,QPUX,1,NEUTRAL,2,43.84,15.38,-7.35,-2.81,Finally made $100k+ gains from a single stock,IonQ is great so I'm holding $QPUX that is 2x long on IonQ and the other quantum stocks. Past few weeks have been huge for me.
2025-09-22,COMMENT,stocks_picks,IONQ,1,NEGATIVE,2,71.94,4.99,-10.2,-17.96,Finally made $100k+ gains from a single stock,"I still kick myself and have nightmares that i had to cash out my ionq to pay my bills after I hadn’t been paid for 8week work.  I had an average of 6.91   Needless to say I did what I had to so I didn’t get into arrears, but had I have been paid on time, I’d still be holding  Congrats on such an excellent return ✌️"
2025-09-08,COMMENT,stocks_picks,S&AMP;P,1,NEUTRAL,3,N/A,N/A,N/A,N/A,"If you had invested $10,000 into the S&amp;P 500 10 years ago and held to today you'd currently have $33,736.4","While having 10k in a back account, could have grown only to about 14k"
2025-09-08,COMMENT,stocks_picks,AAPL,1,NEGATIVE,3,237.43,-1.72,-2.36,4.41,"If you had invested $10,000 into the S&amp;P 500 10 years ago and held to today you'd currently have $33,736.4","While having 10k in a back account, could have grown only to about 14k"
2025-09-09,COMMENT,stocks_picks,ETHEREUM,1,NEUTRAL,2,N/A,N/A,N/A,N/A,"If you had invested $10,000 into the S&amp;P 500 10 years ago and held to today you'd currently have $33,736.4",You would be a billionaire had you invested 10k in Ethereum 10 years ago.
2025-09-08,COMMENT,stocks_picks,SP500,1,NEUTRAL,1,N/A,N/A,N/A,N/A,"If you had invested $10,000 into the S&amp;P 500 10 years ago and held to today you'd currently have $33,736.4",And your purchasing parity would be the same.
2025-09-08,COMMENT,stocks_picks,BTC,1,NEUTRAL,1,49.65,-0.9,1.0,5.11,"If you had invested $10,000 into the S&amp;P 500 10 years ago and held to today you'd currently have $33,736.4","If you had invested $10,000 into Bitcoin 10 years ago, you’d be a billionaire."
2025-09-24,COMMENT,stocks_picks,RYCEY,1,NEUTRAL,3,16.02,-0.16,-0.36,-8.35,Nuclear energy only!,$RYCEY for the win 😏
2025-09-25,COMMENT,stocks_picks,NRC,1,NEGATIVE,2,13.61,-3.7,-10.95,-17.99,Nuclear energy only!,This stock pissed me off man. I was trading on it when it was in the 40s and sold at 63. Who wouldve thought it will rocket AFTER I STOP WATCHING IT
2025-09-25,COMMENT,stocks_picks,NU,1,NEUTRAL,2,15.78,-0.57,-5.25,-2.54,Nuclear energy only!,This stock pissed me off man. I was trading on it when it was in the 40s and sold at 63. Who wouldve thought it will rocket AFTER I STOP WATCHING IT
2025-09-23,COMMENT,stocks_picks,OKLO,1,NEGATIVE,2,142.65,-7.73,-22.19,-16.49,Nuclear energy only!,But OKLO got only a prototype of smr no ?
2025-08-20,COMMENT,stocks_picks,PLTR,1,NEUTRAL,2,156.01,0.51,-0.88,12.61,$PLTR is down 16% in a week. Is the “bubble” bursting?,The nasdaq just kinda wet the bed this week in general. I don't think it's specific to pltr but it makes sense that it would dip substantially. It's been due for a correction
2025-10-22,COMMENT,stocks_picks,BYND,7,POSITIVE,6,3.58,-21.26,-51.4,-73.13,"PUMPED UP BYND, BUY MORE",Will it rise again? Or is it over? A lot of nervous sellers today unfortunately
2025-10-22,COMMENT,stocks_picks,BYND,7,POSITIVE,3,3.58,-21.26,-51.4,-73.13,"PUMPED UP BYND, BUY MORE","$4.67 now, sheesh"
2025-10-22,COMMENT,stocks_picks,BYND,7,POSITIVE,2,3.58,-21.26,-51.4,-73.13,"PUMPED UP BYND, BUY MORE",Buy Now and become someone else’s liquidity. Yay. Sign me up
2025-10-22,POST,stocks_picks,BYND,7,NEUTRAL,269,3.58,-21.26,-51.4,-73.13,BYND is the number 1 stock on Reddit by far :P,BYND is the number 1 stock on Reddit by far :P   Our Reddit stock mentions tracker is popping off right now with BYND getting TWICE the mentions of GameStop  [https://altindex.com/reddit-stocks](https://altindex.com/reddit-stocks)
2025-10-22,COMMENT,stocks_picks,BYND,7,NEUTRAL,1,3.58,-21.26,-51.4,-73.13,BYND is the number 1 stock on Reddit by far :P,Wild!!
2025-10-22,COMMENT,stocks_picks,BYND,7,NEUTRAL,1,3.58,-21.26,-51.4,-73.13,BYND is the number 1 stock on Reddit by far :P,gme is only second because we keep referencing it in relation to BYND
2025-10-22,COMMENT,stocks_picks,GME,1,NEGATIVE,1,22.49,4.48,1.02,-9.05,BYND is the number 1 stock on Reddit by far :P,gme is only second because we keep referencing it in relation to BYND
2025-10-24,COMMENT,stocks_picks,BYND,2,NEGATIVE,1,2.18,-18.34,-24.97,-59.25,BYND is the number 1 stock on Reddit by far :P,it didn’t help
2025-11-10,COMMENT,stocks_picks,BYND,1,NEUTRAL,1,1.34,-9.18,-20.07,-9.11,BYND is the number 1 stock on Reddit by far :P,You should make this into a Reddit APP so people can install it into their subs haha
2025-09-20,COMMENT,stocks_picks,TSLA,2,NEGATIVE,3,434.21,-1.38,2.55,1.26,Crazy how much can change in a year…,Post positions
2025-09-20,COMMENT,stocks_picks,PLTR,1,NEGATIVE,3,179.33,2.34,0.21,0.55,Crazy how much can change in a year…,Post positions
2025-09-20,COMMENT,stocks_picks,TSLA,2,NEGATIVE,2,434.21,-1.38,2.55,1.26,Crazy how much can change in a year…,beep boop
2025-09-20,COMMENT,stocks_picks,SWAMPASS,1,NEUTRAL,1,N/A,N/A,N/A,N/A,Crazy how much can change in a year…,"dont tell me what is next... ""if I want to know how just DM you and get rich"". Swampass"
2025-09-20,COMMENT,stocks_picks,AAPL,2,NEUTRAL,1,255.59,-0.1,-0.17,1.95,Crazy how much can change in a year…,What did you buy? Congratulations 🎊🍾
2025-09-21,COMMENT,stocks_picks,AAPL,1,NEUTRAL,1,255.59,-0.1,-0.17,1.95,Crazy how much can change in a year…,Amazing!! What’s your portfolio? Or do u just go with options and stuff? Can you share ur portfolio? Tyvm
2025-10-14,POST,stocks_picks,GOOGL,1,POSITIVE,227,245.12,1.83,0.67,13.62,Which Stock Would you invest all in for next 10-15 years?,"Which Stock Would you invest all in for next 10-15 years?   If you have an option to choose only 3 long term stocks to put all your money in knowing you cannot take it out within next 10-15 years, which ones would you choose?  Mines are: GOOGLE, MICROSOFT &amp; AMAZON  I would go all in on cloud computing knowing the demands keep on rising and companies looking to move to clouds and how much they are investing into cloud solutions. Also with the rise of AI it’s going to utilise heavy cloud infra"
2025-10-14,POST,stocks_picks,MSFT,2,POSITIVE,227,511.44,-0.47,-0.57,-3.67,Which Stock Would you invest all in for next 10-15 years?,"Which Stock Would you invest all in for next 10-15 years?   If you have an option to choose only 3 long term stocks to put all your money in knowing you cannot take it out within next 10-15 years, which ones would you choose?  Mines are: GOOGLE, MICROSOFT &amp; AMAZON  I would go all in on cloud computing knowing the demands keep on rising and companies looking to move to clouds and how much they are investing into cloud solutions. Also with the rise of AI it’s going to utilise heavy cloud infra"
2025-10-14,POST,stocks_picks,AMZN,1,POSITIVE,227,216.39,-0.82,1.24,9.66,Which Stock Would you invest all in for next 10-15 years?,"Which Stock Would you invest all in for next 10-15 years?   If you have an option to choose only 3 long term stocks to put all your money in knowing you cannot take it out within next 10-15 years, which ones would you choose?  Mines are: GOOGLE, MICROSOFT &amp; AMAZON  I would go all in on cloud computing knowing the demands keep on rising and companies looking to move to clouds and how much they are investing into cloud solutions. Also with the rise of AI it’s going to utilise heavy cloud infra"
2025-10-15,COMMENT,stocks_picks,GOLD,1,NEUTRAL,5,27.64,6.94,-3.87,-10.05,Which Stock Would you invest all in for next 10-15 years?,Gold
2025-10-14,COMMENT,stocks_picks,NVDA,1,NEUTRAL,3,180.01,-0.56,-0.74,4.45,Which Stock Would you invest all in for next 10-15 years?,NVDA MSFT
2025-10-14,COMMENT,stocks_picks,MSFT,2,NEUTRAL,3,511.44,-0.47,-0.57,-3.67,Which Stock Would you invest all in for next 10-15 years?,NVDA MSFT
2025-10-14,COMMENT,stocks_picks,NUAI,1,NEUTRAL,3,3.07,8.68,39.67,58.7,Which Stock Would you invest all in for next 10-15 years?,NUAI
2025-10-12,COMMENT,stocks_picks,NFLX,1,NEGATIVE,1,121.9,-0.18,0.36,-9.79,Please stop Donald….. Its too much winning,"He win so much, he got bored of it."
2025-10-10,COMMENT,stocks_picks,ZERO,1,NEGATIVE,9,N/A,N/A,N/A,N/A,Trump is about to blow everything up again 😂😂,Rates are going to zero again.
2025-10-10,COMMENT,stocks_picks,AAPL,2,NEUTRAL,5,244.8,-0.56,1.12,5.6,Trump is about to blow everything up again 😂😂,Just another trump market manipulation move. It will bounce back on Monday so everyone grab some popcorn and watch the trump circus.
2025-10-10,COMMENT,stocks_picks,TSLA,3,NEUTRAL,5,413.49,3.89,4.5,3.32,Trump is about to blow everything up again 😂😂,Just another trump market manipulation move. It will bounce back on Monday so everyone grab some popcorn and watch the trump circus.
2025-10-10,COMMENT,stocks_picks,DEFENSE STOCKS,1,NEUTRAL,6,N/A,N/A,N/A,N/A,Trump is about to blow everything up again 😂😂,Gonna load up on defense stocks
2025-10-10,COMMENT,stocks_picks,TSLA,3,NEUTRAL,6,413.49,3.89,4.5,3.32,Trump is about to blow everything up again 😂😂,He “lost” the Nobel Peace prize. Tantrum time.
2025-10-10,COMMENT,stocks_picks,TSLA,3,NEGATIVE,2,413.49,3.89,4.5,3.32,Trump is about to blow everything up again 😂😂,Perfect time for big short! Many hyped stocks will immediately tank 70%-90%!
2025-10-10,COMMENT,stocks_picks,PLTR,1,NEGATIVE,2,175.44,-0.53,-0.2,6.0,Trump is about to blow everything up again 😂😂,Perfect time for big short! Many hyped stocks will immediately tank 70%-90%!
2025-10-10,COMMENT,stocks_picks,AAPL,2,NEUTRAL,1,244.8,-0.56,1.12,5.6,Trump is about to blow everything up again 😂😂,I am excited and planning to open up new Positions. I saw this Post in an other community r/NewsFinance  They deliver news fast
2025-10-05,COMMENT,stocks_picks,ARHR,2,NEGATIVE,6,N/A,N/A,N/A,N/A,Archer Aviation just proved this tech isn’t theoretical anymore,"Here’s the problem, the stock isn’t really worth it until they have a total automated system. Pilots are really expensive. If they can get total automation approved then it will be profitable."
2025-10-05,COMMENT,stocks_picks,EVTOL,1,NEGATIVE,1,N/A,N/A,N/A,N/A,Archer Aviation just proved this tech isn’t theoretical anymore,"Seems like helicopters already exist. What’s the big difference besides noise pollution? Maybe millionaires will fly around in EVTOLS but us normal folk won’t for quite some time. EVTOLS require pilots, which will make this service expensive. I will pass on this investment."
2025-10-05,COMMENT,stocks_picks,ARHR,2,NEUTRAL,1,N/A,N/A,N/A,N/A,Archer Aviation just proved this tech isn’t theoretical anymore,That's why its going to the 🚀 🚀
2025-10-06,COMMENT,stocks_picks,TSLA,1,NEUTRAL,1,453.25,-4.08,-2.55,-2.52,Archer Aviation just proved this tech isn’t theoretical anymore,They built a VTOL… and?
2025-10-06,COMMENT,stocks_picks,ARHR,1,NEGATIVE,1,N/A,N/A,N/A,N/A,Archer Aviation just proved this tech isn’t theoretical anymore,What are we looking at here?
2026-01-15,COMMENT,stocks_picks,AMZN,1,NEUTRAL,37,238.18,0.48,0.85,-14.19,10 Companies that will become at least 5-baggers imo (next decade):,Just naming whatever
2026-01-15,COMMENT,stocks_picks,TSLA,2,POSITIVE,37,438.57,-0.16,2.83,-5.01,10 Companies that will become at least 5-baggers imo (next decade):,Just naming whatever
2026-01-15,COMMENT,stocks_picks,FUBO,1,NEGATIVE,11,2.66,0.46,-6.33,-48.64,10 Companies that will become at least 5-baggers imo (next decade):,"Fubo? No way, I lost few grand on that stock some time ago and was even lucky to get out early, because it is still down. No way it's gonna be a 5-bagger, lol"
2026-01-15,COMMENT,stocks_picks,TSLA,2,NEUTRAL,11,438.57,-0.16,2.83,-5.01,10 Companies that will become at least 5-baggers imo (next decade):,"Fubo? No way, I lost few grand on that stock some time ago and was even lucky to get out early, because it is still down. No way it's gonna be a 5-bagger, lol"
2026-01-15,COMMENT,stocks_picks,NBIS,1,POSITIVE,11,103.89,4.75,-8.6,-4.77,10 Companies that will become at least 5-baggers imo (next decade):,Nbis for sure
2026-01-15,COMMENT,stocks_picks,MOON,1,NEUTRAL,4,N/A,N/A,N/A,N/A,10 Companies that will become at least 5-baggers imo (next decade):,5 bagger? what does that even mean?
2026-01-15,COMMENT,stocks_picks,HIMS,1,NEUTRAL,3,31.23,0.56,-4.72,-46.55,10 Companies that will become at least 5-baggers imo (next decade):,bro really said HIMS
2025-10-12,COMMENT,stocks_picks,TSLA,3,NEUTRAL,10,435.9,-1.41,1.4,-2.16,First Dump then Pump. Thanks Trump for playing…..🤡🤡,So we pumping tomorrow?
2025-10-12,COMMENT,stocks_picks,TACO,1,NEUTRAL,2,10.55,0.03,-1.72,-6.52,First Dump then Pump. Thanks Trump for playing…..🤡🤡,TACO 🌮
2025-10-27,POST,stocks_picks,GME,9,NEUTRAL,142,23.53,-1.24,-5.76,-9.01,$GME has taken the crown from $BYND as the most-mentioned stock on Reddit,$GME has taken the crown from $BYND as the most-mentioned stock on Reddit   
2025-10-27,POST,stocks_picks,BYND,9,NEUTRAL,142,1.81,8.85,-22.93,-51.16,$GME has taken the crown from $BYND as the most-mentioned stock on Reddit,$GME has taken the crown from $BYND as the most-mentioned stock on Reddit   
2025-10-27,COMMENT,stocks_picks,GME,9,NEUTRAL,9,23.53,-1.24,-5.76,-9.01,$GME has taken the crown from $BYND as the most-mentioned stock on Reddit,It’s likely because these other stocks are being compared to GME. So for every couple bynd mentions there’s a GME
2025-10-27,COMMENT,stocks_picks,BYND,9,NEGATIVE,9,1.81,8.85,-22.93,-51.16,$GME has taken the crown from $BYND as the most-mentioned stock on Reddit,It’s likely because these other stocks are being compared to GME. So for every couple bynd mentions there’s a GME
2025-10-27,COMMENT,stocks_picks,GME,9,NEUTRAL,1,23.53,-1.24,-5.76,-9.01,$GME has taken the crown from $BYND as the most-mentioned stock on Reddit,Booz
2025-10-27,COMMENT,stocks_picks,BYND,9,NEUTRAL,1,1.81,8.85,-22.93,-51.16,$GME has taken the crown from $BYND as the most-mentioned stock on Reddit,Booz
2025-10-27,COMMENT,stocks_picks,GME,9,NEUTRAL,1,23.53,-1.24,-5.76,-9.01,$GME has taken the crown from $BYND as the most-mentioned stock on Reddit,Still Bullish? ? How?
2025-10-27,COMMENT,stocks_picks,BYND,9,NEUTRAL,1,1.81,8.85,-22.93,-51.16,$GME has taken the crown from $BYND as the most-mentioned stock on Reddit,Still Bullish? ? How?
2025-10-27,COMMENT,stocks_picks,GME,9,NEUTRAL,1,23.53,-1.24,-5.76,-9.01,$GME has taken the crown from $BYND as the most-mentioned stock on Reddit,Thank God
2025-10-27,COMMENT,stocks_picks,BYND,9,NEUTRAL,1,1.81,8.85,-22.93,-51.16,$GME has taken the crown from $BYND as the most-mentioned stock on Reddit,Thank God
2025-10-27,COMMENT,stocks_picks,GME,9,NEGATIVE,1,23.53,-1.24,-5.76,-9.01,$GME has taken the crown from $BYND as the most-mentioned stock on Reddit,NAKA ?
2025-10-27,COMMENT,stocks_picks,BYND,9,NEUTRAL,1,1.81,8.85,-22.93,-51.16,$GME has taken the crown from $BYND as the most-mentioned stock on Reddit,NAKA ?
2025-10-27,COMMENT,stocks_picks,GOOG,1,POSITIVE,1,269.56,-0.82,5.53,21.39,$GME has taken the crown from $BYND as the most-mentioned stock on Reddit,Investment wise Google is on a tear. That and Microsoft boy earnings this week should be interesting.
2025-10-27,COMMENT,stocks_picks,MSFT,1,NEUTRAL,1,529.32,1.72,-2.45,-8.6,$GME has taken the crown from $BYND as the most-mentioned stock on Reddit,Investment wise Google is on a tear. That and Microsoft boy earnings this week should be interesting.
2025-10-25,POST,stocks_picks,BYND,3,NEGATIVE,130,1.81,8.85,-22.93,-51.16,Bynd to $147. Stupid money 2 .I touched TOP,Bynd to $147. Stupid money 2 .I touched TOP   
2025-10-26,COMMENT,stocks_picks,BYND,5,NEGATIVE,10,1.81,8.85,-22.93,-51.16,Bynd to $147. Stupid money 2 .I touched TOP,Wtf is this shit? Picture of another phone.. 
2025-10-26,COMMENT,stocks_picks,BYND,5,NEGATIVE,1,1.81,8.85,-22.93,-51.16,Bynd to $147. Stupid money 2 .I touched TOP,Ever heard of a screenshot?
2025-10-26,COMMENT,stocks_picks,BYND,5,NEGATIVE,1,1.81,8.85,-22.93,-51.16,Bynd to $147. Stupid money 2 .I touched TOP,I did the exact opposite thing around $8.6. Went short 500 shares… 2 sides to every trade lol
2026-01-25,COMMENT,stocks_picks,MU,2,POSITIVE,5,389.09,5.04,12.13,10.2,"Why is Micron a ""strong buy"" at nearly $400 a share?","I bought this like 6 months back when it was $116 , and still have it , I see the monopoly it has in the RAM business in North America"
2026-01-25,COMMENT,stocks_picks,MU,2,POSITIVE,3,389.09,5.04,12.13,10.2,"Why is Micron a ""strong buy"" at nearly $400 a share?",Micron will continue to sky rocket. They are already extremely profitable. They will double prices and their margins will scream buy buy buy.  I bought back in April and I bought sandisk and western digital. Sandisk has been a complete dream. All will double after earnings. Wallstreet is in love with them all. I honestly believe over the next 2 years these stocks will go through the roof just as Nvidia did.   Ai data center builds are priority and these companies can command whatever prices they
2026-01-25,COMMENT,stocks_picks,SDRAM,1,POSITIVE,3,N/A,N/A,N/A,N/A,"Why is Micron a ""strong buy"" at nearly $400 a share?",Micron will continue to sky rocket. They are already extremely profitable. They will double prices and their margins will scream buy buy buy.  I bought back in April and I bought sandisk and western digital. Sandisk has been a complete dream. All will double after earnings. Wallstreet is in love with them all. I honestly believe over the next 2 years these stocks will go through the roof just as Nvidia did.   Ai data center builds are priority and these companies can command whatever prices they
2025-12-22,COMMENT,stocks_picks,NBIS,2,NEUTRAL,8,93.23,-3.89,-8.96,0.72,what is the best ai stocks are you actually watching for 2026 and why?,"NBIS, APLD, Richtech Robotics and ONDS"
2025-12-22,COMMENT,stocks_picks,APLD,2,NEUTRAL,8,27.78,-6.58,-13.64,35.03,what is the best ai stocks are you actually watching for 2026 and why?,"NBIS, APLD, Richtech Robotics and ONDS"
2025-12-22,COMMENT,stocks_picks,NBIS,2,NEUTRAL,6,93.23,-3.89,-8.96,0.72,what is the best ai stocks are you actually watching for 2026 and why?,NBIS and APLD
2025-12-22,COMMENT,stocks_picks,APLD,2,NEUTRAL,6,27.78,-6.58,-13.64,35.03,what is the best ai stocks are you actually watching for 2026 and why?,NBIS and APLD
2025-12-22,COMMENT,stocks_picks,STRL,1,NEUTRAL,3,313.04,0.45,-2.03,11.61,what is the best ai stocks are you actually watching for 2026 and why?,Sterling Infrastructure STRL and Vertiv VRT are infrastructure options
2025-12-22,COMMENT,stocks_picks,VRT,1,NEUTRAL,3,166.21,-0.45,-1.47,9.13,what is the best ai stocks are you actually watching for 2026 and why?,Sterling Infrastructure STRL and Vertiv VRT are infrastructure options
2025-10-26,COMMENT,stocks_picks,BYND,5,POSITIVE,1,1.81,8.85,-22.93,-51.16,"If Beyond Meat goes to $10, I will go Vegan for rest of my life. Come on BYND ! 🚀",Their burgers are actually very good on the bbq .. coming from a medium rare red meat lover
2026-01-02,COMMENT,stocks_picks,META,3,NEGATIVE,11,649.85,0.62,-1.19,5.42,My Top Pick for 2026: Meta will finally lose the AI race,"I forgot Meta was even in the leader circle for AI.    All i see used are Gemini, Chatgpt, Anthropic.    Meta seems to be chasing AI like with the same success as metaverse"
2026-01-02,COMMENT,stocks_picks,META,3,NEGATIVE,7,649.85,0.62,-1.19,5.42,My Top Pick for 2026: Meta will finally lose the AI race,meta arent going for the chip race tho plus meta own insta whatsapp and facebook 3 of the biggest social media platforms
2026-01-02,COMMENT,stocks_picks,META,3,NEGATIVE,1,649.85,0.62,-1.19,5.42,My Top Pick for 2026: Meta will finally lose the AI race,"I understand that you want to, but you can't cucc the zucc. It's like the first rule of market investing."
2025-11-13,POST,stocks_picks,AAPL,1,NEUTRAL,114,272.69,-0.18,0.45,-0.87,What a call!,What a call!   
2025-11-16,COMMENT,stocks_picks,TSLA,1,NEGATIVE,1,408.92,-1.04,1.71,13.41,What a call!,It's not profitable-negitave cash flow and EBIDA. Very high short volume. Extreme speculation.
2025-12-31,POST,stocks_picks,MU,1,POSITIVE,110,285.41,10.33,13.47,51.42,Stocks I Believe Will Be The Best For 2026,"Stocks I Believe Will Be The Best For 2026   2026 will be a pretty big year for the stock market. If you haven't realised yet, OpenAI, Perplexity, Antrophic and SpaceX all have plans to go public in 2026. This is huge news for the stick market. I believe that the best stocks to invest in for 2026 are Micron Technologies as new phones are going yo release which will probably still make RAM prices go up. Microsoft is a great stock by itself, it still is going to boom in 2026 as they own 50% of Ope"
2025-12-31,POST,stocks_picks,MSFT,1,POSITIVE,110,482.52,-2.39,-2.25,-14.44,Stocks I Believe Will Be The Best For 2026,"Stocks I Believe Will Be The Best For 2026   2026 will be a pretty big year for the stock market. If you haven't realised yet, OpenAI, Perplexity, Antrophic and SpaceX all have plans to go public in 2026. This is huge news for the stick market. I believe that the best stocks to invest in for 2026 are Micron Technologies as new phones are going yo release which will probably still make RAM prices go up. Microsoft is a great stock by itself, it still is going to boom in 2026 as they own 50% of Ope"
2025-12-31,COMMENT,stocks_picks,OPENAI,1,NEGATIVE,20,N/A,N/A,N/A,N/A,Stocks I Believe Will Be The Best For 2026,"OpenAI, Perplexity and Anthropic going public is just a means to tap into bag holder liquidity before the bubble inevitably pops."
2025-12-31,COMMENT,stocks_picks,PERPLEXITY,1,NEGATIVE,20,N/A,N/A,N/A,N/A,Stocks I Believe Will Be The Best For 2026,"OpenAI, Perplexity and Anthropic going public is just a means to tap into bag holder liquidity before the bubble inevitably pops."
2025-12-31,COMMENT,stocks_picks,METALS,1,NEUTRAL,6,N/A,N/A,N/A,N/A,Stocks I Believe Will Be The Best For 2026,Overweight metals and banks and a bit of emerging markets.
2025-12-31,COMMENT,stocks_picks,BANKS,1,NEUTRAL,6,N/A,N/A,N/A,N/A,Stocks I Believe Will Be The Best For 2026,Overweight metals and banks and a bit of emerging markets.
2026-01-01,COMMENT,stocks_picks,QS,1,NEUTRAL,3,11.06,1.78,-5.66,-20.82,Stocks I Believe Will Be The Best For 2026,QS
2025-09-26,COMMENT,stocks_picks,TSLA,2,NEGATIVE,2,440.4,0.36,-3.52,-0.81,We're giving our AI model $60k and 6 Robinhood Accounts,Why dont you use market watch fake money but you can make as many as you want
2025-09-26,COMMENT,stocks_picks,AAPL,1,NEUTRAL,1,254.97,-0.68,-0.11,1.69,We're giving our AI model $60k and 6 Robinhood Accounts,How come I can't see anything in your post history?
2025-09-26,COMMENT,stocks_picks,TSLA,2,NEUTRAL,1,440.4,0.36,-3.52,-0.81,We're giving our AI model $60k and 6 Robinhood Accounts,How come I can't see anything in your post history?
2025-09-28,COMMENT,stocks_picks,PLTR,1,NEGATIVE,1,178.86,1.61,-0.82,2.48,We're giving our AI model $60k and 6 Robinhood Accounts,Youre about to lose the entirety of your savings.  This has been tried time and time again.
2025-10-27,POST,stocks_picks,BYND,9,NEUTRAL,109,1.81,8.85,-22.93,-51.16,BYND almost doubled GME in Reddit mentions last week,BYND almost doubled GME in Reddit mentions last week   
2025-10-27,POST,stocks_picks,GME,9,NEGATIVE,109,23.53,-1.24,-5.76,-9.01,BYND almost doubled GME in Reddit mentions last week,BYND almost doubled GME in Reddit mentions last week   
2025-10-27,COMMENT,stocks_picks,BYND,9,NEUTRAL,2,1.81,8.85,-22.93,-51.16,BYND almost doubled GME in Reddit mentions last week,HODL
2025-10-27,COMMENT,stocks_picks,GME,9,NEUTRAL,2,23.53,-1.24,-5.76,-9.01,BYND almost doubled GME in Reddit mentions last week,HODL
2025-10-27,COMMENT,stocks_picks,BYND,9,NEGATIVE,1,1.81,8.85,-22.93,-51.16,BYND almost doubled GME in Reddit mentions last week,Today proved that memes and Reddit mentions mean very little.
2025-10-27,COMMENT,stocks_picks,GME,9,NEGATIVE,1,23.53,-1.24,-5.76,-9.01,BYND almost doubled GME in Reddit mentions last week,Today proved that memes and Reddit mentions mean very little.
2025-10-31,COMMENT,stocks_picks,BYND,1,NEUTRAL,1,1.65,-16.2,-14.39,-21.98,BYND almost doubled GME in Reddit mentions last week,So.many.bots
2025-10-31,COMMENT,stocks_picks,GME,1,NEUTRAL,1,22.29,-1.0,-1.92,2.41,BYND almost doubled GME in Reddit mentions last week,So.many.bots
2025-12-02,POST,stocks_picks,AAPL,1,NEUTRAL,106,285.92,-1.06,-3.37,-5.84,Science.,Science.   
2025-12-02,POST,stocks_picks,GOOGL,1,POSITIVE,106,315.38,0.86,0.25,-0.68,Science.,Science.   
2025-12-02,COMMENT,stocks_picks,SQ,1,NEUTRAL,2,N/A,N/A,N/A,N/A,Science.,Makes sense why I can't even get square peg into a circular hole at work.
2025-10-22,COMMENT,stocks_picks,BYND,7,NEGATIVE,2,3.58,-21.26,-51.4,-73.13,BYND today on the way to $10 — could hit $16 EOD 🚀,Narrator: It did not
2025-12-14,COMMENT,stocks_picks,AAPL,1,NEUTRAL,5,273.85,0.46,-2.05,-7.79,How profitable where you in 2025?,Was up 200% in 2024 and 700% in 2025.. I still don’t trust myself lol.
2025-12-14,COMMENT,stocks_picks,TSLA,1,NEUTRAL,5,475.31,3.34,1.92,-9.72,How profitable where you in 2025?,Was up 200% in 2024 and 700% in 2025.. I still don’t trust myself lol.
2025-11-21,COMMENT,stocks_picks,ES,1,POSITIVE,1,63.17,0.28,-0.12,-0.73,Well …,"I am, I’m enjoying my shopping list alerts starting to ping, I am watching eversource energy and hope it hits $58 on a crappy Friday, if it does I will double my position, it’s a utility so it’s going nowhere and the volatile market and a over correction on a blocked sale news made it dip hard, even the analysts think this dip is nuts lol"
2025-11-21,COMMENT,stocks_picks,TSLA,1,NEUTRAL,1,391.09,5.35,6.76,19.46,Well …,I almost bought the dip at 89k thank god I didn't Edit: 70 some k I may bet the house tho.
2025-11-21,COMMENT,stocks_picks,PLTR,1,POSITIVE,1,154.85,3.31,4.94,20.67,Well …,I almost bought the dip at 89k thank god I didn't Edit: 70 some k I may bet the house tho.
2026-01-13,COMMENT,stocks_picks,AAPL,1,NEUTRAL,4,260.81,0.07,-3.93,2.16,I'm 20 and is this any good? Figured to put in tech companys just because of ai and so on.,Until you got &gt;10k just buy what stocks you like. Literally no difference
2026-01-13,COMMENT,stocks_picks,TSLA,1,NEUTRAL,4,447.2,-1.3,-2.32,-4.94,I'm 20 and is this any good? Figured to put in tech companys just because of ai and so on.,Until you got &gt;10k just buy what stocks you like. Literally no difference
2026-01-11,COMMENT,stocks_picks,AIQ,1,NEUTRAL,2,53.15,-0.76,-1.63,-4.43,I'm 20 and is this any good? Figured to put in tech companys just because of ai and so on.,"Good start! Maybe consider diversifying a little, in case of future rough tech years (see 2022), then your entire portfolio won’t suffer. Also, worth looking into stocks vs. ETFs, depending on your strategy. I have AIQ, SOXX for AI/chips."
2026-01-11,COMMENT,stocks_picks,SOXX,1,NEUTRAL,2,330.15,1.09,4.65,9.5,I'm 20 and is this any good? Figured to put in tech companys just because of ai and so on.,"Good start! Maybe consider diversifying a little, in case of future rough tech years (see 2022), then your entire portfolio won’t suffer. Also, worth looking into stocks vs. ETFs, depending on your strategy. I have AIQ, SOXX for AI/chips."
2026-01-11,COMMENT,stocks_picks,AAPL,1,NEUTRAL,2,260.01,0.51,-2.68,6.42,I'm 20 and is this any good? Figured to put in tech companys just because of ai and so on.,"I’d say it’s a good start, just make sure to build a proper budget and stick to the investment part of it. Automate your transfer to your brokerage. Diversify a little bit but don’t go crazy w it. Everyone starts somewhere!"
2026-01-11,COMMENT,stocks_picks,TSLA,1,NEUTRAL,2,448.96,-0.19,-4.09,-4.15,I'm 20 and is this any good? Figured to put in tech companys just because of ai and so on.,"I’d say it’s a good start, just make sure to build a proper budget and stick to the investment part of it. Automate your transfer to your brokerage. Diversify a little bit but don’t go crazy w it. Everyone starts somewhere!"
2026-02-17,COMMENT,stocks_picks,T,1,NEUTRAL,41,28.68,-3.29,-1.81,-1.29,I hold 12 stocks and spend 45 mins every morning checking news on each one. Anyone else sick of this?,"Plug the below into TWO LLMs (they’re not as accurate as they’d like you to think): LATEST NEWS PROMPT:  Search for every single news item, press release, SEC filing, social media sentiment shift, and analyst action from the past (NUMBER) hours regarding the following stock tickers (LIST STOCK TICKERS):   Deliver a comprehensive report focused on pre-market catalysts, organized into these three sections:  	1.	Major Corporate Catalysts: Detail all definitive agreements, acquisitions, contract awa"
2026-02-17,COMMENT,stocks_picks,WMT,1,NEGATIVE,41,128.85,-2.23,-2.29,-2.19,I hold 12 stocks and spend 45 mins every morning checking news on each one. Anyone else sick of this?,"Plug the below into TWO LLMs (they’re not as accurate as they’d like you to think): LATEST NEWS PROMPT:  Search for every single news item, press release, SEC filing, social media sentiment shift, and analyst action from the past (NUMBER) hours regarding the following stock tickers (LIST STOCK TICKERS):   Deliver a comprehensive report focused on pre-market catalysts, organized into these three sections:  	1.	Major Corporate Catalysts: Detail all definitive agreements, acquisitions, contract awa"
2026-02-18,COMMENT,stocks_picks,TSLA,1,NEUTRAL,3,411.32,0.36,0.48,-3.68,I hold 12 stocks and spend 45 mins every morning checking news on each one. Anyone else sick of this?,"wasting forty five minutes every single morning just to stay updated is a recipe for total burnout lol. if your into ai tools, i found one called trylattice. it helps me keep a passive eye on my holdings because it pulls all that news and filing data into one place automatically. it is way better than manually cycling through five different tabs and still feeling like you missed something important. honestly just set up some custom alerts and get your mornings back."
2026-02-17,COMMENT,stocks_picks,AMZN,1,NEUTRAL,2,201.15,1.31,3.02,7.47,I hold 12 stocks and spend 45 mins every morning checking news on each one. Anyone else sick of this?,How much money do you have invested. Aslong as your not actively buying and selling every day you dont need to spend you mornings doing all that.
2026-02-17,COMMENT,stocks_picks,TSLA,1,NEUTRAL,2,410.63,-0.34,-0.96,-1.21,I hold 12 stocks and spend 45 mins every morning checking news on each one. Anyone else sick of this?,How much money do you have invested. Aslong as your not actively buying and selling every day you dont need to spend you mornings doing all that.
2026-02-17,COMMENT,stocks_picks,AMD,1,NEUTRAL,2,203.08,-1.96,4.64,1.35,I hold 12 stocks and spend 45 mins every morning checking news on each one. Anyone else sick of this?,What are you checking for amd why?
2025-12-30,COMMENT,stocks_picks,NBIS,2,NEUTRAL,10,85.17,-0.98,12.59,-0.7,Which do you think is a better buy right now?,"I own NBIS and NVO, so I have to say these 2"
2025-12-30,COMMENT,stocks_picks,NVO,1,NEUTRAL,10,51.22,0.08,10.07,15.31,Which do you think is a better buy right now?,"I own NBIS and NVO, so I have to say these 2"
2025-12-30,COMMENT,stocks_picks,IREN,1,POSITIVE,5,38.3,-0.64,13.53,39.59,Which do you think is a better buy right now?,IREN will be x3 next year!
2025-12-30,COMMENT,stocks_picks,AVGO,2,NEUTRAL,5,349.85,-0.33,-2.19,-6.02,Which do you think is a better buy right now?,AVGO and NVDA
2025-12-30,COMMENT,stocks_picks,NVDA,1,NEUTRAL,5,187.53,0.19,0.46,1.19,Which do you think is a better buy right now?,AVGO and NVDA
2026-02-05,COMMENT,stocks_picks,NBIS,1,NEUTRAL,7,73.87,14.64,20.93,28.43,What’s the most undervalued stock right now?,"NBIS, APLD"
2026-02-05,COMMENT,stocks_picks,APLD,1,NEUTRAL,7,27.84,23.6,29.36,-3.02,What’s the most undervalued stock right now?,"NBIS, APLD"
2026-02-05,COMMENT,stocks_picks,DVLT,1,NEGATIVE,9,0.64,30.89,13.52,6.15,What’s the most undervalued stock right now?,DVLT
2026-02-05,COMMENT,stocks_picks,AMPX,1,NEUTRAL,7,10.58,13.77,-4.22,67.39,What’s the most undervalued stock right now?,AMPX
2025-11-11,POST,stocks_picks,TSLA,2,NEUTRAL,84,439.62,-2.11,-5.37,0.75,Agree?,Agree?   Relative Stocks: $HOOD $TSLA $PLTR $ORCL $CRWD $BGM $OKLO 
2025-11-11,POST,stocks_picks,PLTR,2,NEUTRAL,84,190.96,-3.61,-9.02,-2.69,Agree?,Agree?   Relative Stocks: $HOOD $TSLA $PLTR $ORCL $CRWD $BGM $OKLO 
2025-11-11,POST,stocks_picks,ORCL,1,NEUTRAL,84,235.53,-3.93,-3.28,-16.7,Agree?,Agree?   Relative Stocks: $HOOD $TSLA $PLTR $ORCL $CRWD $BGM $OKLO 
2025-11-11,COMMENT,stocks_picks,HOOD,1,POSITIVE,1,131.93,0.74,-10.01,-7.38,Agree?,"I agree with the idea and premise a lot, but not necessarily with the specific stocks mentioned.  I believe 90% of people over pay for hype, when a far better price was just a few months away; chasing tops and following the crowd. You can technically buy any of these companies at any point, and long term they will be beneficial to your portfolio; but why not get a better price anyways.  Hood, however, I think is at that better price right now. And if it drops for the next several weeks, it's jus"
2025-11-11,COMMENT,stocks_picks,NVDA,1,NEGATIVE,1,193.14,0.28,-2.75,-7.23,Agree?,"I agree with the idea and premise a lot, but not necessarily with the specific stocks mentioned.  I believe 90% of people over pay for hype, when a far better price was just a few months away; chasing tops and following the crowd. You can technically buy any of these companies at any point, and long term they will be beneficial to your portfolio; but why not get a better price anyways.  Hood, however, I think is at that better price right now. And if it drops for the next several weeks, it's jus"
2025-11-11,COMMENT,stocks_picks,PLTR,2,NEGATIVE,2,190.96,-3.61,-9.02,-2.69,Agree?,"Agree on all besides PLTR. Thiel has the govt wrapped around his finger, they will keep pumping until 2028 at minimum. I predict ~300$ by 2027 and I don't even like them"
2025-11-12,COMMENT,stocks_picks,S,1,POSITIVE,1,17.14,-2.02,-2.91,-11.78,Agree?,$S Sentinel buyout coming. Range bound at 16.5-19. Buyout in mid to hi 20s. Thank me later.
2026-02-10,COMMENT,stocks_picks,MU,3,NEUTRAL,25,373.25,9.96,13.62,12.37,MU is up 300%+ in the last year - how did you find about it?,My friend told me about it in 2024. Said Ai is going to need memory. Average cost is $88.
2026-02-10,COMMENT,stocks_picks,MU,3,NEUTRAL,4,373.25,9.96,13.62,12.37,MU is up 300%+ in the last year - how did you find about it?,someone made a great post on reddit about it so i bought a bit u/bodaflack https://www.reddit.com/r/ValueInvesting/s/7pX79HC8zP
2026-02-10,COMMENT,stocks_picks,MU,3,NEUTRAL,2,373.25,9.96,13.62,12.37,MU is up 300%+ in the last year - how did you find about it?,It has good potential
2026-01-19,COMMENT,stocks_picks,PLTR,1,NEUTRAL,4,168.53,-3.05,-4.32,-20.98,My high conviction plays for 2026 - Roast my portfolio (or don’t),I’m picking PL. I bought in slightly above $20. For background I bought PLTR and RKLB at the same price!
2026-01-19,COMMENT,stocks_picks,RKLB,2,NEUTRAL,4,89.16,-2.66,-5.07,-15.13,My high conviction plays for 2026 - Roast my portfolio (or don’t),I’m picking PL. I bought in slightly above $20. For background I bought PLTR and RKLB at the same price!
2026-01-19,COMMENT,stocks_picks,POET,2,NEUTRAL,2,8.24,0.42,-20.24,-33.42,My high conviction plays for 2026 - Roast my portfolio (or don’t),They either need more power or become more efficient with Poet technology.
2025-12-31,COMMENT,stocks_picks,RKLB,1,NEGATIVE,4,69.76,8.75,17.98,4.31,Best stocks to buy and hold for growth,RKLB
2025-12-30,COMMENT,stocks_picks,SLS,1,NEUTRAL,3,3.31,14.64,21.68,13.18,Best stocks to buy and hold for growth,At your age? SLS.
2025-10-02,COMMENT,stocks_picks,PLTR,1,NEUTRAL,9,187.05,-7.47,-1.13,5.26,Investing based on Reddit mentions of stock tickers CAN work (analysis),"My entire portfolio is up 30% over the past month. I started using GPT/Gemini to scrape for increasing volume and reddit mentions about a month ago and specifically started trading short term swings (1-7days) purely based on momentum.   Granted, it does still take some knowledge of charts/patterns. You can't just throw money at it and pray. I still scale in and keep tight stops etc. But I've made more money in 1 month than I made in 4 years trying to learn the market.   Am I lucky? Probably...bu"
2025-10-02,COMMENT,stocks_picks,DVLT,1,POSITIVE,2,1.53,-12.42,48.73,30.76,Investing based on Reddit mentions of stock tickers CAN work (analysis),I found DVLT on reddit and that has increased 95.03% for me since I jumped on. I love it when people give their thoughts and recommendations for me to investigate further.
2025-10-02,COMMENT,stocks_picks,HOVR,1,NEUTRAL,1,2.78,-5.39,22.73,-9.11,Investing based on Reddit mentions of stock tickers CAN work (analysis),"USAR was a monster one for me.   HOVR has been great, but could easily be a 100x stock."
2025-10-02,COMMENT,stocks_picks,USAR,1,POSITIVE,1,22.71,14.31,36.52,-16.27,Investing based on Reddit mentions of stock tickers CAN work (analysis),"USAR was a monster one for me.   HOVR has been great, but could easily be a 100x stock."
2025-10-03,COMMENT,stocks_picks,AIR,1,NEUTRAL,1,81.8,1.54,-1.84,2.69,Investing based on Reddit mentions of stock tickers CAN work (analysis),Been in a month with 5 k just off reddit and some light DD up 2.2k currently but did well of open. Holding a few bags but averaged down and they are coming up trumps too. (Atch and aire) 👊😬
2025-10-03,COMMENT,stocks_picks,ATCH,1,POSITIVE,1,0.44,-3.54,-4.4,-22.11,Investing based on Reddit mentions of stock tickers CAN work (analysis),Been in a month with 5 k just off reddit and some light DD up 2.2k currently but did well of open. Holding a few bags but averaged down and they are coming up trumps too. (Atch and aire) 👊😬
2025-10-20,COMMENT,stocks_picks,BYND,2,NEUTRAL,3,1.47,146.26,21.05,-30.3,BYND smart buy overnight or gonna blow or tank ???,All I ask is to message me and share some info on what stocks should be next that they try hiding from us. The Internet was messing up my ass... Lol the rich were behind it all. Even Google was lying to me and wouldn't show me the chart for the premarket
2025-10-20,COMMENT,stocks_picks,BYND,2,NEUTRAL,1,1.47,146.26,21.05,-30.3,BYND smart buy overnight or gonna blow or tank ???,Purchase it on cashapp
2026-02-12,COMMENT,stocks_picks,AAPL,2,NEUTRAL,16,261.73,-2.34,-0.11,-1.61,"Please help here, what l am doing wrong","Sentiment is very negative right now on high beta names which is most of your port. Nothing wrong with that if you can endure the volatility, most will rebound eventually."
2026-02-12,COMMENT,stocks_picks,TSLA,2,NEGATIVE,16,417.07,0.02,-2.46,-3.36,"Please help here, what l am doing wrong","Sentiment is very negative right now on high beta names which is most of your port. Nothing wrong with that if you can endure the volatility, most will rebound eventually."
2026-02-12,COMMENT,stocks_picks,AAPL,2,NEUTRAL,7,261.73,-2.34,-0.11,-1.61,"Please help here, what l am doing wrong","you bought stocks that go down, the goal is to only invest in stocks that go up!"
2026-02-12,COMMENT,stocks_picks,TSLA,2,NEUTRAL,7,417.07,0.02,-2.46,-3.36,"Please help here, what l am doing wrong","you bought stocks that go down, the goal is to only invest in stocks that go up!"
2026-02-12,COMMENT,stocks_picks,PLTR,1,NEUTRAL,2,129.13,1.7,3.53,20.07,"Please help here, what l am doing wrong","Looks like maybe you’re being influenced by one of these politician trade trackers on instagram? Ive been telling people for months that this is a gimmick. Insider trading in washington is not nearly as rampant as these accounts portray it to be. If you follow ALL the recs those accounts make, there are plenty of losing picks. If you actually look at political trading across the board, they aint pickin em any better than the rest of us. This is a scam that only worked because they started this d"
2026-02-12,COMMENT,stocks_picks,MAG7S,1,NEGATIVE,2,N/A,N/A,N/A,N/A,"Please help here, what l am doing wrong","Looks like maybe you’re being influenced by one of these politician trade trackers on instagram? Ive been telling people for months that this is a gimmick. Insider trading in washington is not nearly as rampant as these accounts portray it to be. If you follow ALL the recs those accounts make, there are plenty of losing picks. If you actually look at political trading across the board, they aint pickin em any better than the rest of us. This is a scam that only worked because they started this d"
2026-02-12,COMMENT,stocks_picks,VOO,1,NEUTRAL,2,626.49,-0.01,0.0,-0.01,"Please help here, what l am doing wrong","Some of these points that were made here are correct . Honestly, you have way too many individual stocks focus on putting in an ETF (like VOO, QQQM) as the core. And put the remainder cash spread across 3 to 5 stocks that you believe will crush it in the future"
2026-02-12,COMMENT,stocks_picks,QQQM,1,NEUTRAL,2,247.32,0.14,0.16,1.74,"Please help here, what l am doing wrong","Some of these points that were made here are correct . Honestly, you have way too many individual stocks focus on putting in an ETF (like VOO, QQQM) as the core. And put the remainder cash spread across 3 to 5 stocks that you believe will crush it in the future"
2025-10-12,POST,stocks_picks,PUMP,1,NEUTRAL,73,5.19,-1.23,10.31,104.12,"👏 The USA wants to help China, not hurt it!!! Are we going to see a pump?","👏 The USA wants to help China, not hurt it!!! Are we going to see a pump?   "
2025-10-12,COMMENT,stocks_picks,I,1,NEUTRAL,4,N/A,N/A,N/A,N/A,"👏 The USA wants to help China, not hurt it!!! Are we going to see a pump?",Reschedule cannabis and I make bank
2025-10-12,COMMENT,stocks_picks,BANK,1,POSITIVE,4,N/A,N/A,N/A,N/A,"👏 The USA wants to help China, not hurt it!!! Are we going to see a pump?",Reschedule cannabis and I make bank
2025-10-12,COMMENT,stocks_picks,TSLA,3,NEUTRAL,2,435.9,-1.41,1.4,-2.16,"👏 The USA wants to help China, not hurt it!!! Are we going to see a pump?",Bull trap Monday lol
2025-10-12,COMMENT,stocks_picks,CALLS,1,NEUTRAL,1,N/A,N/A,N/A,N/A,"👏 The USA wants to help China, not hurt it!!! Are we going to see a pump?",This trade war is really helping the calls I sold and were under water
2025-10-12,COMMENT,stocks_picks,AAPL,1,NEUTRAL,1,247.19,0.17,4.64,8.24,"👏 The USA wants to help China, not hurt it!!! Are we going to see a pump?","You know it will. The market makes no sense anymore. Fundamentals? Don't matter. Valuations? Don't matter? Gut feeling. Most important thing that matters. Getting magical goose bumps? Matters. Trumpy Dumpy Making Crazy Claims? Super reliable. All of this of course is going to eventually cause an entire catastrophic collapse of the entire system like no one has ever seen before but hey, whatever...Ride it while it's hot and when it crashes get the fuck outta dodge is their philosophy. After all, "
2025-10-12,COMMENT,stocks_picks,TSLA,3,NEGATIVE,1,435.9,-1.41,1.4,-2.16,"👏 The USA wants to help China, not hurt it!!! Are we going to see a pump?","You know it will. The market makes no sense anymore. Fundamentals? Don't matter. Valuations? Don't matter? Gut feeling. Most important thing that matters. Getting magical goose bumps? Matters. Trumpy Dumpy Making Crazy Claims? Super reliable. All of this of course is going to eventually cause an entire catastrophic collapse of the entire system like no one has ever seen before but hey, whatever...Ride it while it's hot and when it crashes get the fuck outta dodge is their philosophy. After all, "
2025-09-26,COMMENT,stocks_picks,ARAV,1,NEUTRAL,1,N/A,N/A,N/A,N/A,Archer Aviation dips under $10.. buyable or just turbulence?,The 55 mile flight and the White House program last week weren’t nothing. Shows real progress. Price action fading quick just shows short term traders cashing out. Long term folks are waiting for certification anyway that’s the real prize
2025-09-30,COMMENT,stocks_picks,ARHR,1,POSITIVE,1,N/A,N/A,N/A,N/A,Archer Aviation dips under $10.. buyable or just turbulence?,Buy as many shares as you can! You’re welcome.
2025-10-08,POST,stocks_picks,NVDA,6,NEGATIVE,68,189.09,2.12,-3.73,-0.13,Oracle just burned $100 million renting Nvidia chips. Stocks -6%. Is this what an AI bubble looks like?,Oracle just burned $100 million renting Nvidia chips. Stocks -6%. Is this what an AI bubble looks like?   
2025-10-08,COMMENT,stocks_picks,NVDA,6,NEGATIVE,3,189.09,2.12,-3.73,-0.13,Oracle just burned $100 million renting Nvidia chips. Stocks -6%. Is this what an AI bubble looks like?,"You're worried because they burned through 100 million? 😂😂😂  That's what Larry's yacht costs in a month. They're having a casual Friday after-work snack for that.  No, seriously, guys, I have no idea what this news is about. I think a short seller wants to make a quick few percent. But a $100 million loss is just crumbs in a peanut shell."
2025-10-08,COMMENT,stocks_picks,NVDA,6,NEGATIVE,3,189.09,2.12,-3.73,-0.13,Oracle just burned $100 million renting Nvidia chips. Stocks -6%. Is this what an AI bubble looks like?,I mean they’re still up almost $50 for the month. What am I missing.
2025-10-08,COMMENT,stocks_picks,ORCL,1,NEGATIVE,1,287.37,3.35,6.56,-14.97,Oracle just burned $100 million renting Nvidia chips. Stocks -6%. Is this what an AI bubble looks like?,Oracle bubble. Not AI bubble.
2025-10-08,COMMENT,stocks_picks,NVDA,6,NEGATIVE,1,189.09,2.12,-3.73,-0.13,Oracle just burned $100 million renting Nvidia chips. Stocks -6%. Is this what an AI bubble looks like?,Oracle bubble. Not AI bubble.
2025-10-08,COMMENT,stocks_picks,NVDA,6,NEGATIVE,1,189.09,2.12,-3.73,-0.13,Oracle just burned $100 million renting Nvidia chips. Stocks -6%. Is this what an AI bubble looks like?,"If you read the news regarding it it’s because they under used the chips, ai is speculative and I really wouldn’t be heavily invested in ai specific companies if you don’t have a belief that ai will turn profitable one day and isn’t just a big bubble, ai stocks are very volatile because of this and 6% swings are very common"
2025-10-08,COMMENT,stocks_picks,NVDA,6,NEGATIVE,1,189.09,2.12,-3.73,-0.13,Oracle just burned $100 million renting Nvidia chips. Stocks -6%. Is this what an AI bubble looks like?,"Everything OpenAI, NVDA, AMD, ORCL, CRWV, NBIS etc. is doing is predicated on maybe future earnings. There is zero real economic data to back them up. It will be a bubble in retrospect if it doesn’t pan out, but if AI somehow (unlikely) matches what they’ve spent, it won’t be. That’s all there is to it."
2025-10-08,COMMENT,stocks_picks,AMD,1,NEUTRAL,1,235.56,-0.84,2.47,1.32,Oracle just burned $100 million renting Nvidia chips. Stocks -6%. Is this what an AI bubble looks like?,"Everything OpenAI, NVDA, AMD, ORCL, CRWV, NBIS etc. is doing is predicated on maybe future earnings. There is zero real economic data to back them up. It will be a bubble in retrospect if it doesn’t pan out, but if AI somehow (unlikely) matches what they’ve spent, it won’t be. That’s all there is to it."
2025-10-17,COMMENT,stocks_picks,TSLA,1,NEGATIVE,1,439.31,0.81,-3.21,-7.11,I am tired of winning Mr. President ✊😓,Winning hasn’t really been much of my thing lately 😪
2025-10-16,COMMENT,stocks_picks,AAPL,2,NEUTRAL,1,246.98,1.39,3.22,8.48,I am tired of winning Mr. President ✊😓,If your losing money this year your genuinely bad at stock picking.  Or you need to stay away from options.
2025-11-11,POST,stocks_picks,TSLA,2,NEUTRAL,67,439.62,-2.11,-5.37,0.75,One or two stocks for next 20 years,One or two stocks for next 20 years   I want to invest INR 1cr in US markets and leave it for next 20 years for kids. Which stock to pick?
2025-11-11,COMMENT,stocks_picks,GOOGL,1,NEUTRAL,16,290.91,-1.63,0.94,6.42,One or two stocks for next 20 years,Googl nbis
2025-11-11,COMMENT,stocks_picks,RR,1,NEUTRAL,7,3.63,-2.26,-7.39,28.02,One or two stocks for next 20 years,Rolls-Royce Plc.
2025-11-11,COMMENT,stocks_picks,NBIS,1,NEUTRAL,10,102.22,-7.74,-8.07,-8.67,One or two stocks for next 20 years,NBIS
2026-02-03,COMMENT,stocks_picks,VOO,5,NEGATIVE,24,634.15,-0.03,-0.01,0.03,Crushing VOO,Two weeks the standard now?
2026-02-03,COMMENT,stocks_picks,VOO,5,NEGATIVE,20,634.15,-0.03,-0.01,0.03,Crushing VOO,Let's see if you can beat the VOO and chill crowd after 40 years.
2026-02-03,COMMENT,stocks_picks,VOO,5,NEGATIVE,12,634.15,-0.03,-0.01,0.03,Crushing VOO,"Nice returns but these are all mega-caps with high correlation to the broader market bounce. If we pullback 5-8% from here, your outperformance likely compresses fast. Did you set profit targets or stop levels, or are you holding through potential volatility?"
2026-02-03,COMMENT,stocks_picks,VOO,5,NEGATIVE,6,634.15,-0.03,-0.01,0.03,Crushing VOO,Lol…OP literally bought every stock that comprises VOO
2026-02-03,COMMENT,stocks_picks,GLD,1,NEGATIVE,6,454.29,0.41,1.41,3.8,Crushing VOO,Too much diversification. Should have just pulled out the big dick and bought 3x gold etf.
2026-02-03,COMMENT,stocks_picks,WMT,1,NEGATIVE,3,127.71,0.71,-1.17,-2.25,Crushing VOO,What was your plan when you purchased?  WMT has  had a move from 67 split price to ATH’s and same with XOM and many others in this list.  Many of the others are also at Highs and will likely pull back.    If you are holding them longer term they are all good companies but you must be prepared for pull backs.  There are other ways to hedge your portfolio and still keep the socks. It is also possible to do some trimming but keep an eye on tax consequences also
2026-02-03,COMMENT,stocks_picks,XOM,1,NEUTRAL,3,142.78,3.17,5.09,6.78,Crushing VOO,What was your plan when you purchased?  WMT has  had a move from 67 split price to ATH’s and same with XOM and many others in this list.  Many of the others are also at Highs and will likely pull back.    If you are holding them longer term they are all good companies but you must be prepared for pull backs.  There are other ways to hedge your portfolio and still keep the socks. It is also possible to do some trimming but keep an eye on tax consequences also
2026-02-03,COMMENT,stocks_picks,VOO,5,NEGATIVE,2,634.15,-0.03,-0.01,0.03,Crushing VOO,Consolidate positions. Spread too thin imo. No more than 10 positions for 100k. Ideally 5
2025-10-25,POST,stocks_picks,BYND,3,NEGATIVE,64,1.81,8.85,-22.93,-51.16,BYND short Squeeze Process,BYND short Squeeze Process   
2026-01-03,POST,stocks_picks,OPEC,1,NEUTRAL,61,N/A,N/A,N/A,N/A,Market Impact from Maduro’s Arrest,Market Impact from Maduro’s Arrest   Overall market impact from Maduro’s arrest: Expect mild volatility Monday as traders digest geopolitical risks. Not a major derailer—Venezuela too small globally. Energy stocks could shine short-term on oil spike; long-term optimism if new gov’t unlocks reserves &amp; investment flows in. Watch OPEC+ and Caracas stability closely. 📉🛢️🇻🇪 #Stocks #MaduroCaptured #Geopolitics
2026-01-03,POST,stocks_picks,VZ,2,POSITIVE,61,39.54,-0.42,-0.33,19.1,Market Impact from Maduro’s Arrest,Market Impact from Maduro’s Arrest   Overall market impact from Maduro’s arrest: Expect mild volatility Monday as traders digest geopolitical risks. Not a major derailer—Venezuela too small globally. Energy stocks could shine short-term on oil spike; long-term optimism if new gov’t unlocks reserves &amp; investment flows in. Watch OPEC+ and Caracas stability closely. 📉🛢️🇻🇪 #Stocks #MaduroCaptured #Geopolitics
2026-01-03,COMMENT,stocks_picks,USO,1,NEGATIVE,3,70.22,-3.03,0.95,11.13,Market Impact from Maduro’s Arrest,Trump already mentioned that US gonna handle the oil industry.
2026-01-03,COMMENT,stocks_picks,USL,1,NEUTRAL,3,33.75,-3.05,0.43,8.84,Market Impact from Maduro’s Arrest,Trump already mentioned that US gonna handle the oil industry.
2026-01-03,COMMENT,stocks_picks,VZ,2,NEUTRAL,2,39.54,-0.42,-0.33,19.1,Market Impact from Maduro’s Arrest,Real estate REIT on the Caribbean coast in VZ. Ill just need 2 billion to start up.
2025-11-05,COMMENT,stocks_picks,AAPL,2,NEGATIVE,2,269.63,0.94,0.47,2.1,The U.S. stock market is increasingly diverging from the real economy,Because of cheap money. Instead of spending or investing in infrastructure people bought stonks
2025-11-05,COMMENT,stocks_picks,AAPL,2,NEGATIVE,2,269.63,0.94,0.47,2.1,The U.S. stock market is increasingly diverging from the real economy,"Will we see this same trend over the 15 years? Or will it drop off? Always wonder if we’ve hit the ceiling and it’s got to come down, back to those 2010 levels"
2025-11-07,COMMENT,stocks_picks,AAPL,1,NEUTRAL,1,267.96,-1.11,1.42,1.55,The U.S. stock market is increasingly diverging from the real economy,"This post is so regarded I can't tell if it isn't satire.   The value of the stock increases not just because of *real GDP growth* but also because of inflation and the fact that these companies reinvest the money they make either in themselves or in stock buybacks. Not to mention, there are factors such as increased globalization and higher international growth rates that would make comparing the growth to only *US GDP* useless."
2025-11-07,COMMENT,stocks_picks,TSLA,1,NEUTRAL,1,429.52,2.1,-6.0,1.84,The U.S. stock market is increasingly diverging from the real economy,"This post is so regarded I can't tell if it isn't satire.   The value of the stock increases not just because of *real GDP growth* but also because of inflation and the fact that these companies reinvest the money they make either in themselves or in stock buybacks. Not to mention, there are factors such as increased globalization and higher international growth rates that would make comparing the growth to only *US GDP* useless."
2025-10-26,POST,stocks_picks,AAPL,1,NEUTRAL,60,268.3,-0.19,0.37,4.63,Real 😂,Real 😂   
2025-10-26,POST,stocks_picks,TSLA,1,POSITIVE,60,452.42,1.53,3.8,-5.81,Real 😂,Real 😂   
2026-01-11,POST,stocks_picks,AMZN,3,NEUTRAL,58,246.47,-1.37,-3.75,-16.74,"I like the companies marked in the segments of the graph. Do you like any others in this graph more than the ones I've marked? For example, Amazon instead of Google?","I like the companies marked in the segments of the graph. Do you like any others in this graph more than the ones I've marked? For example, Amazon instead of Google?   "
2026-01-11,POST,stocks_picks,GOOG,2,NEUTRAL,58,332.5,1.31,-0.65,-5.97,"I like the companies marked in the segments of the graph. Do you like any others in this graph more than the ones I've marked? For example, Amazon instead of Google?","I like the companies marked in the segments of the graph. Do you like any others in this graph more than the ones I've marked? For example, Amazon instead of Google?   "
2026-01-11,COMMENT,stocks_picks,AMZN,3,NEGATIVE,1,246.47,-1.37,-3.75,-16.74,"I like the companies marked in the segments of the graph. Do you like any others in this graph more than the ones I've marked? For example, Amazon instead of Google?",NUAI?? Oh please....
2026-01-11,COMMENT,stocks_picks,GOOGL,1,NEUTRAL,1,331.63,1.44,-0.44,-5.84,"I like the companies marked in the segments of the graph. Do you like any others in this graph more than the ones I've marked? For example, Amazon instead of Google?",NUAI?? Oh please....
2026-01-11,COMMENT,stocks_picks,AMZN,3,NEGATIVE,1,246.47,-1.37,-3.75,-16.74,"I like the companies marked in the segments of the graph. Do you like any others in this graph more than the ones I've marked? For example, Amazon instead of Google?",SMR
2026-01-11,COMMENT,stocks_picks,GOOG,2,NEUTRAL,1,332.5,1.31,-0.65,-5.97,"I like the companies marked in the segments of the graph. Do you like any others in this graph more than the ones I've marked? For example, Amazon instead of Google?",SMR
2025-09-29,POST,stocks_picks,ARCHR,1,NEUTRAL,57,N/A,N/A,N/A,N/A,"Archer Aviation to showcase Midnight at UP.Summit in Bentonville, Arkansas","Archer Aviation to showcase Midnight at UP.Summit in Bentonville, Arkansas   Archer Aviation announced its Midnight electric air taxi will be featured at UP.Summit 2025 in Bentonville on September 28. The event gathers policymakers, investors, and business leaders to discuss the future of mobility.  CEO Adam Goldstein is set to speak on the main stage, outlining Archer’s vision for urban air mobility in the US and beyond. The showcase follows the company’s recent participation as a Gold Sponsor "
2025-09-06,COMMENT,stocks_picks,GOOG,1,NEUTRAL,2,233.84,2.24,5.65,2.13,Google looks like overvalued or should I hold or add more?,You barely have much invested. Better to just average in as often as you can
2025-09-06,COMMENT,stocks_picks,GOOGL,1,NEGATIVE,1,233.72,2.16,5.65,1.59,Google looks like overvalued or should I hold or add more?,I’d sell. No one use it anymore (sarcasm alert).
2025-06-25,COMMENT,stocks_picks,PLTR,1,NEGATIVE,1,142.9,0.16,-9.74,6.19,Palantir Stock Set to Double from Iran-Israel Conflict &amp; Trump’s Defense Plan,"Bold claim calling PLTR a geopol play might be hype though Barron’s notes it’s up \~50% YTD thanks to the Middle East situation, analysts say valuation’s getting rich"
2025-10-21,COMMENT,stocks_picks,BYND,1,NEGATIVE,2,3.62,-0.59,-47.79,-71.75,ALERT: 🚨 🌖 BYND Short Squeeze: Meme Traders Revive Beyond Meat from the Dead,"1/4 second after I buy in, it'll drop to .02"
2025-09-21,COMMENT,stocks_picks,NVNI,1,NEUTRAL,6,14.6,-7.67,-4.32,-74.71,Any stocks that will hit big in this week?,$NVNI
2025-09-21,COMMENT,stocks_picks,PLTR,1,NEUTRAL,5,179.33,2.34,0.21,0.55,Any stocks that will hit big in this week?,This kind of question is a sure fire way to burn your £350 in a meme based bonfire!   The only way to make an investing decision is to do your research and make your own decisions.   You might get lucky with a suggestion from someone else but what you’re actually doing is putting your hard earned cash into the hands of a complete stranger.  Would you stand up in the pub and offer £350 to anyone in the bar who said they could make you money? That’s what you’re doing…
2025-09-21,COMMENT,stocks_picks,TSLA,2,NEUTRAL,5,434.21,-1.38,2.55,1.26,Any stocks that will hit big in this week?,This kind of question is a sure fire way to burn your £350 in a meme based bonfire!   The only way to make an investing decision is to do your research and make your own decisions.   You might get lucky with a suggestion from someone else but what you’re actually doing is putting your hard earned cash into the hands of a complete stranger.  Would you stand up in the pub and offer £350 to anyone in the bar who said they could make you money? That’s what you’re doing…
2025-09-21,COMMENT,stocks_picks,MNDY,1,POSITIVE,4,211.99,2.16,-4.44,-9.96,Any stocks that will hit big in this week?,MNDY. Thank me later. I would say BBAI too 😏😉
2025-09-21,COMMENT,stocks_picks,BBAI,1,NEUTRAL,4,7.08,13.4,-8.28,-0.67,Any stocks that will hit big in this week?,MNDY. Thank me later. I would say BBAI too 😏😉
2026-01-24,COMMENT,stocks_picks,NBIS,2,POSITIVE,9,91.46,6.61,-4.0,15.97,Why it’s not too late to get in: The Asymmetric Case for Nebius ($NBIS),"While the broader market remains cautious, a quantitative dissection of the forward-looking order book suggests Nebius Group ($NBIS) is currently trading at a dislocation from its fundamental value.  Below is the thesis for why Nebius represents a highly asymmetric infrastructure trade for the 2026 cycle.  1. The Velocity of Revenue Recognition  The market is currently pricing $NBIS based on trailing indicators, largely ignoring the contracted revenue ramp scheduled to materialize over the next "
2026-01-24,COMMENT,stocks_picks,NBAI,1,NEUTRAL,1,N/A,N/A,N/A,N/A,Why it’s not too late to get in: The Asymmetric Case for Nebius ($NBIS),"Why's no one talking about NBAI, wow?"
2026-01-24,COMMENT,stocks_picks,NBIS,2,NEUTRAL,1,91.46,6.61,-4.0,15.97,Why it’s not too late to get in: The Asymmetric Case for Nebius ($NBIS),"Why's no one talking about NBAI, wow?"
2026-01-24,COMMENT,stocks_picks,APLD,1,POSITIVE,0,36.18,13.89,-4.2,-19.68,Why it’s not too late to get in: The Asymmetric Case for Nebius ($NBIS),I like APLD better as a Nvidia-supported play.
2026-01-25,COMMENT,stocks_picks,NBIS,1,NEUTRAL,0,91.46,6.61,-4.0,15.97,Why it’s not too late to get in: The Asymmetric Case for Nebius ($NBIS),"PS ratio is one metric, how about PE ratio? I am staying on the sidelines to see how they do in 2026. Data Center build out can easily get delayed and all the projections could get thrown out the window."
2026-01-26,COMMENT,stocks_picks,NBIS,1,NEUTRAL,0,91.46,6.61,-4.0,15.97,Why it’s not too late to get in: The Asymmetric Case for Nebius ($NBIS),This whole post looks like it was made with Ai
2025-12-17,COMMENT,stocks_picks,NBIS,1,NEUTRAL,13,75.45,2.74,17.65,30.38,"One company for the next 5 years, what's your pick?",Nbis
2025-12-17,COMMENT,stocks_picks,HOOD,1,NEGATIVE,6,115.8,0.42,0.88,-9.87,"One company for the next 5 years, what's your pick?",HOOD and RDDT both are gonna get no love in this comment section but I pick my stocks based on companies I use and love.
2025-12-17,COMMENT,stocks_picks,RDDT,1,NEGATIVE,6,227.34,1.0,-3.79,-2.09,"One company for the next 5 years, what's your pick?",HOOD and RDDT both are gonna get no love in this comment section but I pick my stocks based on companies I use and love.
2025-12-17,COMMENT,stocks_picks,ENVX,1,POSITIVE,5,7.2,2.99,11.73,1.35,"One company for the next 5 years, what's your pick?","AmpX &amp; EnvX      I feel like batteries are an unsung hero of the world.      Everybody focusing on semiconductors right now, but batteries are equally important with practically none of the recognition.  I think they'll have a crazy run up like Nvidia, or Sandisc did earlier."
2025-12-17,COMMENT,stocks_picks,GOOG,1,NEUTRAL,4,297.85,1.15,2.78,6.87,"One company for the next 5 years, what's your pick?",google and amazon
2025-12-17,COMMENT,stocks_picks,AMZN,1,NEUTRAL,4,221.27,1.73,1.89,3.18,"One company for the next 5 years, what's your pick?",google and amazon
2025-12-17,COMMENT,stocks_picks,RKLB,1,NEUTRAL,4,53.96,10.29,39.9,64.01,"One company for the next 5 years, what's your pick?",RKLB
2025-12-28,COMMENT,stocks_picks,CHEMICALS,1,NEGATIVE,2,N/A,N/A,N/A,N/A,Any top new year stocks pics?,"Chemicals. Take your pick. The entire industry is losing money right now, which is the time to buy in cyclical industries. Everyonenis slashing capital soend, which will raise prices in the medium term, so buy this year before margins improve."
2025-12-28,COMMENT,stocks_picks,ALL,1,NEUTRAL,2,207.61,0.33,-0.93,-5.82,Any top new year stocks pics?,"Chemicals. Take your pick. The entire industry is losing money right now, which is the time to buy in cyclical industries. Everyonenis slashing capital soend, which will raise prices in the medium term, so buy this year before margins improve."
2025-12-28,COMMENT,stocks_picks,SLS,1,NEGATIVE,2,3.35,-1.07,21.81,15.22,Any top new year stocks pics?,SLS - Sellas Life Sciences
2025-12-23,COMMENT,stocks_picks,PLTR,2,NEGATIVE,44,194.13,-0.33,-7.56,-14.43,“What’s one popular stock you refuse to buy—and why?”,I assume most people will say either PLTR or TSLA
2025-12-23,COMMENT,stocks_picks,TSLA,3,NEUTRAL,44,485.56,-0.38,-6.5,-11.06,“What’s one popular stock you refuse to buy—and why?”,I assume most people will say either PLTR or TSLA
2025-12-23,COMMENT,stocks_picks,TSLA,3,NEGATIVE,10,485.56,-0.38,-6.5,-11.06,“What’s one popular stock you refuse to buy—and why?”,TSLA its simply a meme stock
2025-12-23,COMMENT,stocks_picks,TSLA,3,NEGATIVE,5,485.56,-0.38,-6.5,-11.06,“What’s one popular stock you refuse to buy—and why?”,Tesla for sure. Not even bc of Musk but just bc that stock doesn’t seem to have fundamentals. Or stocks I’ve made insane gains on — Literally for no reason other than I don’t wanna taint the good memories with a loss :)
2025-12-23,COMMENT,stocks_picks,PLTR,2,NEGATIVE,15,194.13,-0.33,-7.56,-14.43,“What’s one popular stock you refuse to buy—and why?”,"Palantir, evil empire"
2025-12-23,COMMENT,stocks_picks,OKLO,1,NEGATIVE,5,81.88,-1.05,-11.48,-0.17,“What’s one popular stock you refuse to buy—and why?”,"Iren, Oklo - I get it. But after seeing the headquarters and puts actually trading in the 5-10$ area and not at .02. - I’m here to watch the shit show."
2025-12-23,COMMENT,stocks_picks,V,1,NEGATIVE,8,352.65,0.15,0.12,-7.74,“What’s one popular stock you refuse to buy—and why?”,"Visa/mastercard. They seem like one trick ponies with fat profit margins that eventually, someone will come along and disrupt. I was listening to Steve Eisman of Big Short fame talk about its moat. His argument is that the 3% it charges vendors, each 1% of it is different. 1% cash back type rewards and then 1% split on profit and expenses. So, blockchain or whatever trying to disrupt it may never be able to have enough money to go after them. I stay away because if they ever crack the golden goo"
2025-12-23,COMMENT,stocks_picks,MC,1,NEGATIVE,8,69.7,0.69,-1.47,4.59,“What’s one popular stock you refuse to buy—and why?”,"Visa/mastercard. They seem like one trick ponies with fat profit margins that eventually, someone will come along and disrupt. I was listening to Steve Eisman of Big Short fame talk about its moat. His argument is that the 3% it charges vendors, each 1% of it is different. 1% cash back type rewards and then 1% split on profit and expenses. So, blockchain or whatever trying to disrupt it may never be able to have enough money to go after them. I stay away because if they ever crack the golden goo"
2025-10-16,COMMENT,stocks_picks,AAPL,2,NEGATIVE,3,246.98,1.39,3.22,8.48,Insider closed his short and is now long! Just before Trumps speech,Just saw this at r/NewsFinance
2025-10-16,COMMENT,stocks_picks,TSLA,1,NEUTRAL,3,428.75,1.9,3.04,-7.4,Insider closed his short and is now long! Just before Trumps speech,Just saw this at r/NewsFinance
2025-10-12,COMMENT,stocks_picks,ALGO,1,NEUTRAL,1,N/A,N/A,N/A,N/A,Is this a good Portfolio?,Go all in on ALGO
2025-10-12,COMMENT,stocks_picks,BTC,1,NEUTRAL,1,51.32,-2.68,-5.57,-14.35,Is this a good Portfolio?,Bonds out and add bitcoin for that
2025-10-12,COMMENT,stocks_picks,MSFT,1,NEGATIVE,1,511.92,0.03,-0.71,-4.06,Is this a good Portfolio?,This portfolio looks like the work of someone who has no idea what they are doing.
2025-10-12,COMMENT,stocks_picks,GOOG,1,NEGATIVE,1,244.31,0.76,3.81,16.24,Is this a good Portfolio?,This portfolio looks like the work of someone who has no idea what they are doing.
2025-09-25,COMMENT,stocks_picks,AAPL,1,NEGATIVE,3,256.38,-1.12,-1.6,-0.6,Powell called the market “highly valued” 👀 Should we worry?,"Holy shit, 🤯 Are you telling me that the market might go down between those random straight lines?   What are you, a prophet?"
2025-09-25,COMMENT,stocks_picks,BA,1,NEUTRAL,1,213.53,3.05,0.13,0.74,Powell called the market “highly valued” 👀 Should we worry?,NATO and the EU about to announce a massive Palantir deal worth 10s of billions . BA just partnered with Palantir and its just the beginning.
2025-09-25,COMMENT,stocks_picks,PLTR,1,POSITIVE,1,179.12,-1.44,2.73,0.16,Powell called the market “highly valued” 👀 Should we worry?,NATO and the EU about to announce a massive Palantir deal worth 10s of billions . BA just partnered with Palantir and its just the beginning.
2025-09-25,COMMENT,stocks_picks,SPY,1,NEUTRAL,1,656.11,0.0,0.0,0.0,Powell called the market “highly valued” 👀 Should we worry?,"Finally I am not the only one seeing the channel, lol. Dec'18""26 SPY $620 naked short call waiting for the miracle."
2025-11-09,POST,stocks_picks,PLTR,1,NEUTRAL,49,193.61,-1.6,-9.23,-3.84,The next stocks to rip are those related to physical AI,"The next stocks to rip are those related to physical AI   Palantir, nvidia and similar infrastructure and software ai stocks have ripped during the past few years…my guess is that the next frontier gonna be robotics, I’m planing on allocating 20k to purely speculative robotics stocks with great potential, I’m not interested in BS pie in the sky companies like Tesla I think we’re still too far away from general purpose robots, my interest is in hyper focused robotics deployment like warehouse and"
2025-11-09,POST,stocks_picks,NVDA,2,NEUTRAL,49,199.03,-3.19,-3.94,-8.57,The next stocks to rip are those related to physical AI,"The next stocks to rip are those related to physical AI   Palantir, nvidia and similar infrastructure and software ai stocks have ripped during the past few years…my guess is that the next frontier gonna be robotics, I’m planing on allocating 20k to purely speculative robotics stocks with great potential, I’m not interested in BS pie in the sky companies like Tesla I think we’re still too far away from general purpose robots, my interest is in hyper focused robotics deployment like warehouse and"
2025-11-09,COMMENT,stocks_picks,NVDA,2,POSITIVE,17,199.03,-3.19,-3.94,-8.57,The next stocks to rip are those related to physical AI,"For 2 years folks have been talking about the next Nvidia…. Meanwhile Nvidia continues to rip and make billions in revenue, while the unprofitable “next” goes down the toilet.  Follow the money, not the fools."
2025-11-10,COMMENT,stocks_picks,AI,1,NEUTRAL,3,16.08,-5.02,-14.1,-2.52,The next stocks to rip are those related to physical AI,this is so true but there’s is so many sectors in physical ai from ai TV remote to ai cars
2025-11-09,COMMENT,stocks_picks,BZAI,1,NEUTRAL,2,3.38,-15.61,-28.31,-29.3,The next stocks to rip are those related to physical AI,BZAI (Sovereign edge IA)  MSAI (Industrial monitoring cloud IA)
2025-11-09,COMMENT,stocks_picks,MSAI,1,NEUTRAL,2,1.2,-6.06,-36.02,-53.73,The next stocks to rip are those related to physical AI,BZAI (Sovereign edge IA)  MSAI (Industrial monitoring cloud IA)
2025-10-14,COMMENT,stocks_picks,BTC,1,NEGATIVE,1,49.88,-1.67,-2.13,-13.1,Elon Musk just said that. What do you think?? Let’s discuss,"Fiat is loaned into existence but also uses energy, because it's an entry in an electronic database somewhere. It's also a LOT more every efficient than bitcoin mining. 😅😂"
2025-10-14,COMMENT,stocks_picks,CRML,1,NEGATIVE,1,29.97,-24.63,-47.08,-70.79,Elon Musk just said that. What do you think?? Let’s discuss,Anybody been watching the super pump of CRML since last week?  Only 4 employees. Crazy work
2026-02-18,POST,stocks_picks,PROSPERO.AI,1,NEUTRAL,42,N/A,N/A,N/A,N/A,"Best Android stock screener in 2026 (research-only, minimal paywall), what do you recommend?","Best Android stock screener in 2026 (research-only, minimal paywall), what do you recommend?   I’m looking for an Android stock research app that’s not a broker and not aggressively paywalled/spammy. I want something that can do basic screening + watchlists + alerts, but I’m also open to “signals” style apps if they’re transparent about what the signals mean.  My baseline needs:  Screener filters (even basic: market cap, volume, momentum, relative strength, etc.) Watchlists + alerts (price/volum"
2026-02-16,COMMENT,stocks_picks,AAPL,2,NEUTRAL,3,263.88,-0.33,2.47,-2.15,what do you think about my portfolio? too tech focused?,I like your Portfolio
2026-02-16,COMMENT,stocks_picks,TSLA,2,POSITIVE,3,410.63,-0.34,-0.96,-1.21,what do you think about my portfolio? too tech focused?,I like your Portfolio
2026-02-16,COMMENT,stocks_picks,DSGX,1,NEGATIVE,3,65.22,0.62,-3.17,12.24,what do you think about my portfolio? too tech focused?,"DocuSign ,hims and theirs, PayPal. Sorry bro, train has long rusted away"
2026-02-16,COMMENT,stocks_picks,HIMS,1,NEUTRAL,3,16.27,-3.15,-5.64,45.42,what do you think about my portfolio? too tech focused?,"DocuSign ,hims and theirs, PayPal. Sorry bro, train has long rusted away"
2026-02-16,COMMENT,stocks_picks,AAPL,2,NEGATIVE,4,263.88,-0.33,2.47,-2.15,what do you think about my portfolio? too tech focused?,Dollar cost average and buy the dip on the ones your down on
2026-02-16,COMMENT,stocks_picks,TSLA,2,POSITIVE,4,410.63,-0.34,-0.96,-1.21,what do you think about my portfolio? too tech focused?,Dollar cost average and buy the dip on the ones your down on
2026-02-19,COMMENT,stocks_picks,RBRK,1,POSITIVE,2,54.16,-8.03,-0.39,-3.76,what do you think about my portfolio? too tech focused?,I am also holding rbrk shares. I have a feeling the company will go on to do great things
2026-02-16,COMMENT,stocks_picks,UBER,1,POSITIVE,1,70.53,2.67,0.55,11.83,what do you think about my portfolio? too tech focused?,"If you have Uber, you might as well add Lyft because Lyft is undervalued!"
2026-02-16,COMMENT,stocks_picks,LYFT,1,POSITIVE,1,13.3,2.58,1.07,4.34,what do you think about my portfolio? too tech focused?,"If you have Uber, you might as well add Lyft because Lyft is undervalued!"
2025-10-24,COMMENT,stocks_picks,BYND,2,NEUTRAL,0,2.18,-18.34,-24.97,-59.25,What $BYND actually does (2024 annual report),You think they’re gunna read this!?!
2025-10-25,COMMENT,stocks_picks,BYND,3,NEUTRAL,0,1.81,8.85,-22.93,-51.16,What $BYND actually does (2024 annual report),“Comprehensive”
2025-10-21,COMMENT,stocks_picks,AUDI,1,NEGATIVE,1,N/A,N/A,N/A,N/A,My search to find the most undervalued stock in the market,Why are you assuming the stock price can’t go below 75?   If my car insurance raised premiums whenever I whip my Audi around (speed/braking) and if I checked my phone (play music) I would probably switch. Maybe they can find the risk averse drivers but they’ll miss out on the other half / more than half of potential customers.
2026-02-18,POST,stocks_picks,AAPL,1,NEUTRAL,43,264.35,-1.16,2.74,-1.96,Great long term stocks,Great long term stocks   I was just wondering if anybody had any stocks to buy and hold long term. Maybe something you are sure it will boom in 10 years or even a popular stock right now.   Thanks 
2025-06-18,COMMENT,stocks_picks,CRCL,2,POSITIVE,1,199.59,20.62,4.32,2.72,Grandmaster-Obi’s $CRCL Alert Delivers 125% Surge Amid Circle Internet’s Blockbuster Debut,"If that's true then damn, might keep a lookout"
2025-06-18,COMMENT,stocks_picks,CRCL,2,NEUTRAL,1,199.59,20.62,4.32,2.72,Grandmaster-Obi’s $CRCL Alert Delivers 125% Surge Amid Circle Internet’s Blockbuster Debut,I'm into it
2025-06-19,COMMENT,stocks_picks,CRCL,2,NEUTRAL,1,240.28,8.66,-28.38,-23.29,Grandmaster-Obi’s $CRCL Alert Delivers 125% Surge Amid Circle Internet’s Blockbuster Debut,Nice
2025-06-19,COMMENT,stocks_picks,CRCL,2,NEUTRAL,1,240.28,8.66,-28.38,-23.29,Grandmaster-Obi’s $CRCL Alert Delivers 125% Surge Amid Circle Internet’s Blockbuster Debut,is this fr?
2025-06-19,COMMENT,stocks_picks,TRNR,1,POSITIVE,1,68.6,-6.96,-29.86,-10.05,Grandmaster-Obi’s $CRCL Alert Delivers 125% Surge Amid Circle Internet’s Blockbuster Debut,Killer alert on $TRNR. That entry was spot on.
2026-02-05,POST,stocks_picks,TSLA,1,NEGATIVE,41,397.21,1.58,4.46,0.27,Changed how I pick stocks as my portfolio got bigger and it helped,"Changed how I pick stocks as my portfolio got bigger and it helped   Something weird happened to my risk tolerance as I got closer to my FIRE number. When I had 50k invested I was fine with volatility. Stocks down 30%? Whatever, time in the market, itll come back, who cares.  Now that the portfolio is significantly bigger a 30% drawdown means watching years of savings evaporate. Suddenly I care a lot more about not losing money than squeezing out extra returns.  Had to completely rethink how I p"
2026-02-05,POST,stocks_picks,AAPL,1,,41,275.65,-1.12,-5.59,-5.82,Changed how I pick stocks as my portfolio got bigger and it helped,"Changed how I pick stocks as my portfolio got bigger and it helped   Something weird happened to my risk tolerance as I got closer to my FIRE number. When I had 50k invested I was fine with volatility. Stocks down 30%? Whatever, time in the market, itll come back, who cares.  Now that the portfolio is significantly bigger a 30% drawdown means watching years of savings evaporate. Suddenly I care a lot more about not losing money than squeezing out extra returns.  Had to completely rethink how I p"
2025-11-29,COMMENT,stocks_picks,RUBI,1,POSITIVE,1,32.34,-32.79,-37.69,-74.69,Guys I just wanted to point out that $RUBI has zero short shares remaining and a crazy high 635% borrow rate. Looking good for tomorrow,Stocks splits coming in hot 🔥😂
2025-10-19,POST,stocks_picks,BTC,1,NEUTRAL,39,49.1,0.82,1.59,-14.68,Rally up ape 🦍 BTC about to rocket 🚀,Rally up ape 🦍 BTC about to rocket 🚀   
2026-01-29,COMMENT,stocks_picks,SPY,1,NEUTRAL,6,694.04,0.0,0.0,0.0,"100k to invest, seeking advice",Prioritize your monthly IRA contribution. Invest excess income into SPY or other stable ETF’s. Maybe allocate 7-10% of your overall funds in a trading account if you choose to day trade. That’s what I do at least. $100K is an accomplishment though man! Best of luck!
2026-01-29,COMMENT,stocks_picks,ASTS,1,NEUTRAL,2,122.09,-8.61,-21.24,-27.7,"100k to invest, seeking advice",ASTS lad
2026-01-26,POST,stocks_picks,PELI,2,POSITIVE,38,10.92,0.33,-4.87,-5.83,"Trump Wants It, I’m Buying It: The 13-Billion-Barrel Asymmetry in Greenland ($PELI)","Trump Wants It, I’m Buying It: The 13-Billion-Barrel Asymmetry in Greenland ($PELI)   https://preview.redd.it/inayrk3kznfg1.png?width=953&amp;format=png&amp;auto=webp&amp;s=c51d98db3710ea2c282819019602ca5ca74f018d  **By 5 to 9 M.J.**  Remember when Donald Trump said he wanted to buy Greenland? The media treated it like a joke. They made memes about gold towers on icebergs and moved on.  I didn't laugh. I looked at a map.  When a superpower explicitly tells you they covet a specific piece of terr"
2026-01-26,POST,stocks_picks,GTEC,1,NEUTRAL,38,1.34,-10.85,-42.18,-41.78,"Trump Wants It, I’m Buying It: The 13-Billion-Barrel Asymmetry in Greenland ($PELI)","Trump Wants It, I’m Buying It: The 13-Billion-Barrel Asymmetry in Greenland ($PELI)   https://preview.redd.it/inayrk3kznfg1.png?width=953&amp;format=png&amp;auto=webp&amp;s=c51d98db3710ea2c282819019602ca5ca74f018d  **By 5 to 9 M.J.**  Remember when Donald Trump said he wanted to buy Greenland? The media treated it like a joke. They made memes about gold towers on icebergs and moved on.  I didn't laugh. I looked at a map.  When a superpower explicitly tells you they covet a specific piece of terr"
2026-01-26,COMMENT,stocks_picks,PELI,2,NEUTRAL,10,10.92,0.33,-4.87,-5.83,"Trump Wants It, I’m Buying It: The 13-Billion-Barrel Asymmetry in Greenland ($PELI)",AI slop
2026-01-27,COMMENT,stocks_picks,PELI,2,NEUTRAL,3,11.0,-1.81,-5.14,-5.56,"Trump Wants It, I’m Buying It: The 13-Billion-Barrel Asymmetry in Greenland ($PELI)",Thank you chatgpt
2026-01-27,COMMENT,stocks_picks,PELI,2,NEUTRAL,1,11.0,-1.81,-5.14,-5.56,"Trump Wants It, I’m Buying It: The 13-Billion-Barrel Asymmetry in Greenland ($PELI)",So say one’s interested in buying are you suggesting we buy peli rn or wait till after merger ??
2026-01-29,COMMENT,stocks_picks,PELI,1,NEUTRAL,1,10.61,0.39,-0.84,-2.1,"Trump Wants It, I’m Buying It: The 13-Billion-Barrel Asymmetry in Greenland ($PELI)","If it's poorly written, it's also not a matter of environmental speculation. Start changing your thinking. Focus on nuclear fusion and renewable energy. Focus on a circular economy. Let's finance the future, not the past."
2025-12-30,POST,stocks_picks,AI,1,NEUTRAL,36,13.82,-1.72,-1.53,-21.05,What are the top 3 Best AI Stocks?,What are the top 3 Best AI Stocks?   
2025-12-30,COMMENT,stocks_picks,NBIS,2,NEUTRAL,8,85.17,-0.98,12.59,-0.7,What are the top 3 Best AI Stocks?,NBIS HIVE
2025-12-30,COMMENT,stocks_picks,HIVE,1,NEUTRAL,8,2.57,1.13,18.69,7.84,What are the top 3 Best AI Stocks?,NBIS HIVE
2025-12-30,COMMENT,stocks_picks,PATH,1,NEUTRAL,7,16.67,-0.94,6.64,-25.2,What are the top 3 Best AI Stocks?,PATH
2025-12-30,COMMENT,stocks_picks,GOOG,1,NEUTRAL,2,314.33,0.5,2.13,6.9,What are the top 3 Best AI Stocks?,Avgo path goog
2025-12-30,COMMENT,stocks_picks,AVGO,2,POSITIVE,2,349.85,-0.33,-2.19,-6.02,What are the top 3 Best AI Stocks?,Avgo path goog
2025-12-04,COMMENT,stocks_picks,AAPL,1,NEUTRAL,1,280.44,-0.87,-1.65,-7.92,Moved away from penny stock. Shifted to quality right before the market crash last month. Planning to hold this for the next 20+ yrs. Any changes i need to do? Let me know. TIA,There was a market crash last month? 😂
2025-12-04,COMMENT,stocks_picks,VOO,1,NEUTRAL,2,627.52,-0.0,0.0,0.0,Moved away from penny stock. Shifted to quality right before the market crash last month. Planning to hold this for the next 20+ yrs. Any changes i need to do? Let me know. TIA,You hold 2 shares or under of all the mag 7 at that point an etf like voo makes more sense
2025-12-04,COMMENT,stocks_picks,META,1,NEGATIVE,1,660.43,1.61,-2.03,-1.44,Moved away from penny stock. Shifted to quality right before the market crash last month. Planning to hold this for the next 20+ yrs. Any changes i need to do? Let me know. TIA,I would consolidate your capital and put into like 2-3 of these only. 0.82 shares of META ain't gonna get you much
2025-12-05,COMMENT,stocks_picks,BLOOM ENERGY IS NOT A DIRECT TICKER SYMBOL BUT LIKELY REFERS TO BE,1,NEGATIVE,1,N/A,N/A,N/A,N/A,Moved away from penny stock. Shifted to quality right before the market crash last month. Planning to hold this for the next 20+ yrs. Any changes i need to do? Let me know. TIA,Bloom Energy will 4x in the next 6-9 months. I would yolo into this 100%.
2026-01-15,POST,stocks_picks,MSFT,2,NEGATIVE,39,455.62,0.78,2.47,-11.74,Microsoft down again.. WTF ?,"Microsoft down again.. WTF ?   What is happening with Microsoft?    In EUR exchanges like Xetra in Germany, it is flat for almost 2 years \~390EUR, but this is based in Currency change deviation.   In Nasdaq USD its not better either, its like -11% in past 6 months.   All financial statistics shows growth and still performance is poor.   WTF is happening?"
2026-01-15,COMMENT,stocks_picks,MSFT,2,NEGATIVE,2,455.62,0.78,2.47,-11.74,Microsoft down again.. WTF ?,"Yeah, it’s been pissing me off too, but as soon as I sell you know it’s gonna pump 🙄"
2026-01-16,COMMENT,stocks_picks,MSFT,1,NEGATIVE,1,458.81,0.87,2.11,-12.33,Microsoft down again.. WTF ?,Have you ever heard about AI?   They are getting shreddered. Do not own their own dataset - are investing in openAI - and the prognoses are very bad.
2025-12-25,COMMENT,stocks_picks,NVO,1,NEUTRAL,1,52.4,-1.42,5.55,14.39,FDA APPROVES ! FIRST ORAL GLP-1 DRUG FROM NOVO NORDISK .,https://www.reddit.com/r/NovoNordisk_Stock/s/3OnaQsAxfP
2025-12-25,COMMENT,stocks_picks,VRTX,1,NEGATIVE,1,462.9,-0.32,-2.67,2.5,FDA APPROVES ! FIRST ORAL GLP-1 DRUG FROM NOVO NORDISK .,https://www.reddit.com/r/NovoNordisk_Stock/s/3OnaQsAxfP
2025-12-04,POST,stocks_picks,GENERAC (GNRC),1,NEUTRAL,35,N/A,N/A,N/A,N/A,"The Real AI Play: It's Not the Data Centers, It's the Plumbing","The Real AI Play: It's Not the Data Centers, It's the Plumbing   Everyone is focused on AI chips and giant data centers. The prices for these stocks have gone way up. But think about one simple thing: none of this works without electricity. The power needed for these centers is huge, and getting enough reliable power is already becoming a problem.  Data centers are desperately looking for cheap, stable power. Power companies are struggling with old equipment and long waits for upgrades. Some big"
2025-12-04,POST,stocks_picks,FLUENCE (FLNC),1,POSITIVE,35,N/A,N/A,N/A,N/A,"The Real AI Play: It's Not the Data Centers, It's the Plumbing","The Real AI Play: It's Not the Data Centers, It's the Plumbing   Everyone is focused on AI chips and giant data centers. The prices for these stocks have gone way up. But think about one simple thing: none of this works without electricity. The power needed for these centers is huge, and getting enough reliable power is already becoming a problem.  Data centers are desperately looking for cheap, stable power. Power companies are struggling with old equipment and long waits for upgrades. Some big"
2025-12-04,POST,stocks_picks,NXXT,2,POSITIVE,35,1.23,3.06,41.58,0.24,"The Real AI Play: It's Not the Data Centers, It's the Plumbing","The Real AI Play: It's Not the Data Centers, It's the Plumbing   Everyone is focused on AI chips and giant data centers. The prices for these stocks have gone way up. But think about one simple thing: none of this works without electricity. The power needed for these centers is huge, and getting enough reliable power is already becoming a problem.  Data centers are desperately looking for cheap, stable power. Power companies are struggling with old equipment and long waits for upgrades. Some big"
2025-12-04,COMMENT,stocks_picks,NXXT,2,POSITIVE,2,1.23,3.06,41.58,0.24,"The Real AI Play: It's Not the Data Centers, It's the Plumbing",I’m surprised Reddit chatter has been so quiet about NXXT.  Very needed business model.  Huge recent insider buying and big name institutional buying.  The stock seems ridiculously under priced.  I’m holding tight.
2025-12-04,COMMENT,stocks_picks,PLTR,1,POSITIVE,1,177.92,1.97,4.71,-0.38,"The Real AI Play: It's Not the Data Centers, It's the Plumbing",And there are many down stream players . Energy just one. But you’re spot on. I have moved to all those down stream players.
2025-10-23,COMMENT,stocks_picks,BYND,1,NEGATIVE,2,2.84,-23.88,-43.1,-67.75,BYND CHART,Means I should have sold 😢
2026-01-04,POST,stocks_picks,PLTR,3,NEGATIVE,37,174.04,2.66,2.0,-19.6,"Can anyone explain what Palantir does, whoever i am asking all know is that they have us govt defense contracts. That's it?","Can anyone explain what Palantir does, whoever i am asking all know is that they have us govt defense contracts. That's it?   "
2026-01-04,COMMENT,stocks_picks,PLTR,3,NEUTRAL,3,174.04,2.66,2.0,-19.6,"Can anyone explain what Palantir does, whoever i am asking all know is that they have us govt defense contracts. That's it?",They probably helped in the capture of Maduro
2026-01-04,COMMENT,stocks_picks,PLTR,3,NEUTRAL,2,174.04,2.66,2.0,-19.6,"Can anyone explain what Palantir does, whoever i am asking all know is that they have us govt defense contracts. That's it?",They put messy data together and transform them into useful information for decision making
2026-01-05,COMMENT,stocks_picks,PLTR,1,NEGATIVE,2,174.04,2.66,2.0,-19.6,"Can anyone explain what Palantir does, whoever i am asking all know is that they have us govt defense contracts. That's it?",I think they sell portions of people’s souls to the devil and take a cut for themselves  Not financial advice
2026-01-23,COMMENT,stocks_picks,COSM,3,NEGATIVE,1,0.5,1.1,-4.01,-26.63,$COSM (Cosmos Health),"My issue with COSM has always been dilution / history. Even if operations improve, do they constantly raise?"
2026-01-23,COMMENT,stocks_picks,COSM,3,NEUTRAL,1,0.5,1.1,-4.01,-26.63,$COSM (Cosmos Health),This is the first COSM PR I’ve seen in a while that actually reads like a real business update
2026-01-23,COMMENT,stocks_picks,COSM,3,NEUTRAL,1,0.5,1.1,-4.01,-26.63,$COSM (Cosmos Health),Worth watching to see if margins keep expanding as volume ramps.
2026-01-12,POST,stocks_picks,ONDS,2,NEUTRAL,37,13.19,5.51,2.07,-29.56,Would you recommend ONDS or RCAT for 2026?,Would you recommend ONDS or RCAT for 2026?   I recently came into some money after the passing of my Mother and I am trying to do the responsible thing and invest. I have recently gotten into stocks and have A Lot to learn. I have interest in these 2 stocks. Which would you recommend.? I am looking more short term with these as I have my long term already invested. 
2026-01-12,POST,stocks_picks,RCAT,3,NEUTRAL,37,11.94,9.58,23.22,1.0,Would you recommend ONDS or RCAT for 2026?,Would you recommend ONDS or RCAT for 2026?   I recently came into some money after the passing of my Mother and I am trying to do the responsible thing and invest. I have recently gotten into stocks and have A Lot to learn. I have interest in these 2 stocks. Which would you recommend.? I am looking more short term with these as I have my long term already invested. 
2026-01-12,COMMENT,stocks_picks,RCAT,3,NEUTRAL,3,11.94,9.58,23.22,1.0,Would you recommend ONDS or RCAT for 2026?,I've been holding RCAT for over a year and I'm just recently in the green. Been thinking about grabbing some onds but feel it could be the same? I have DPRO and UMAC as well..they've treated me to 35% returns in less time. I recently discovered an etf i like that has done pretty well. It has quality holdings and with Trumps dedication to building up out defense improvement think its a good play. Right now everything is hot. Good luck to ya my friend!
2026-01-12,COMMENT,stocks_picks,ONDZ,1,NEUTRAL,3,N/A,N/A,N/A,N/A,Would you recommend ONDS or RCAT for 2026?,I've been holding RCAT for over a year and I'm just recently in the green. Been thinking about grabbing some onds but feel it could be the same? I have DPRO and UMAC as well..they've treated me to 35% returns in less time. I recently discovered an etf i like that has done pretty well. It has quality holdings and with Trumps dedication to building up out defense improvement think its a good play. Right now everything is hot. Good luck to ya my friend!
2026-01-12,COMMENT,stocks_picks,ONDS,2,NEUTRAL,1,13.19,5.51,2.07,-29.56,Would you recommend ONDS or RCAT for 2026?,"ONDS has potential relative to RCAT. Their business is applicable imo and sticky. Their earnings and revenue is growing YOY. Their $35 million PDW drone facility will enable them to scale production of units. The problem with them is the negative cash burn and execution risk; execution risk would escalate if the government shuts down this month or the Fed raises interest rates. But if they pull off proper execution with their drone production scaling, then they could reach positive EBITDA."
2026-01-12,COMMENT,stocks_picks,RCAT,3,NEUTRAL,1,11.94,9.58,23.22,1.0,Would you recommend ONDS or RCAT for 2026?,"ONDS has potential relative to RCAT. Their business is applicable imo and sticky. Their earnings and revenue is growing YOY. Their $35 million PDW drone facility will enable them to scale production of units. The problem with them is the negative cash burn and execution risk; execution risk would escalate if the government shuts down this month or the Fed raises interest rates. But if they pull off proper execution with their drone production scaling, then they could reach positive EBITDA."
2026-01-12,COMMENT,stocks_picks,AUR,1,POSITIVE,1,4.76,-3.37,-3.14,-7.94,Would you recommend ONDS or RCAT for 2026?,$AUR will be a good buy imo
2026-01-19,POST,stocks_picks,TSLA,3,NEUTRAL,34,419.25,1.75,0.14,-2.82,Investing in the Top 5 Stocks you guys choose,"Investing in the Top 5 Stocks you guys choose   Im done with DD. So many hours looking for the biggest potential stocks, reading thru AI for 5x, 10x stocks. I'll just make it a fun learning experience taking what I see on reddit and investing it because why not!    I'll give this post a few days and see what the top 5 stocks gets the most up votes and I'll invest in them. I'll DCA $2 a day into them until the rest of the year and update y'all.  Important: I think it's easier if you guys recommen"
2026-01-19,POST,stocks_picks,AI FOR 5X STOCKS,1,NEUTRAL,34,N/A,N/A,N/A,N/A,Investing in the Top 5 Stocks you guys choose,"Investing in the Top 5 Stocks you guys choose   Im done with DD. So many hours looking for the biggest potential stocks, reading thru AI for 5x, 10x stocks. I'll just make it a fun learning experience taking what I see on reddit and investing it because why not!    I'll give this post a few days and see what the top 5 stocks gets the most up votes and I'll invest in them. I'll DCA $2 a day into them until the rest of the year and update y'all.  Important: I think it's easier if you guys recommen"
2026-01-19,COMMENT,stocks_picks,ASTS,1,NEUTRAL,6,112.44,-9.11,-3.62,-24.18,Investing in the Top 5 Stocks you guys choose,ASTS
2026-01-19,COMMENT,stocks_picks,POET,2,NEUTRAL,6,8.24,0.42,-20.24,-33.42,Investing in the Top 5 Stocks you guys choose,POET
2026-01-19,COMMENT,stocks_picks,ONDS,1,NEUTRAL,4,13.13,-5.57,-9.27,-14.27,Investing in the Top 5 Stocks you guys choose,ONDS
2026-01-19,COMMENT,stocks_picks,RKLB,2,NEUTRAL,9,89.16,-2.66,-5.07,-15.13,Investing in the Top 5 Stocks you guys choose,RKLB
2026-01-19,COMMENT,stocks_picks,UUUU,1,NEUTRAL,2,23.52,-5.41,0.08,-7.61,Investing in the Top 5 Stocks you guys choose,UUUU
2026-01-19,COMMENT,stocks_picks,AAPL,2,NEGATIVE,2,246.47,-0.77,2.05,4.71,Investing in the Top 5 Stocks you guys choose,You’re gonna seriously underperform the market
2026-01-19,COMMENT,stocks_picks,TSLA,3,NEGATIVE,2,419.25,1.75,0.14,-2.82,Investing in the Top 5 Stocks you guys choose,You’re gonna seriously underperform the market
2026-01-19,COMMENT,stocks_picks,RZLV,1,NEUTRAL,2,3.55,0.25,-17.01,-38.2,Investing in the Top 5 Stocks you guys choose,Rzlv
2026-01-19,COMMENT,stocks_picks,AAPL,2,NEUTRAL,1,246.47,-0.77,2.05,4.71,Investing in the Top 5 Stocks you guys choose,"This is actually a fun way to stay engaged, and as a learning experiment it makes sense. Just keep expectations realistic — Reddit tends to surface stories and momentum rather than full risk-reward analysis. DCA helps, but it doesn’t fix buying into overvalued or hype-driven names.  What really matters long term is having a repeatable process: understanding the business, why it should grow, and what could go wrong. That’s why most structured research approaches like the Kamayakya-style framework"
2026-01-19,COMMENT,stocks_picks,TSLA,3,NEGATIVE,1,419.25,1.75,0.14,-2.82,Investing in the Top 5 Stocks you guys choose,"This is actually a fun way to stay engaged, and as a learning experiment it makes sense. Just keep expectations realistic — Reddit tends to surface stories and momentum rather than full risk-reward analysis. DCA helps, but it doesn’t fix buying into overvalued or hype-driven names.  What really matters long term is having a repeatable process: understanding the business, why it should grow, and what could go wrong. That’s why most structured research approaches like the Kamayakya-style framework"
2025-04-14,POST,stocks_picks,UCU,2,NEUTRAL,30,N/A,N/A,N/A,N/A,Ucore Rare Metals ($UCU / $UURAF),"Ucore Rare Metals ($UCU / $UURAF)   China just announced new export restrictions on several key rare earth elements, including dysprosium, terbium, gadolinium, and others all crucial for things like EV motors, defense systems, and clean tech. The restrictions apply globally and take effect immediately.  In response, Ucore Rare Metals (TSXV: UCU / OTC: UURAF) issued a statement highlighting their work to reduce North America’s reliance on foreign supply. They’re refining heavy rare earths using t"
2025-04-14,POST,stocks_picks,UURAF,2,NEUTRAL,30,1.01,13.15,14.08,3.88,Ucore Rare Metals ($UCU / $UURAF),"Ucore Rare Metals ($UCU / $UURAF)   China just announced new export restrictions on several key rare earth elements, including dysprosium, terbium, gadolinium, and others all crucial for things like EV motors, defense systems, and clean tech. The restrictions apply globally and take effect immediately.  In response, Ucore Rare Metals (TSXV: UCU / OTC: UURAF) issued a statement highlighting their work to reduce North America’s reliance on foreign supply. They’re refining heavy rare earths using t"
2025-04-14,COMMENT,stocks_picks,UCU,2,NEUTRAL,1,N/A,N/A,N/A,N/A,Ucore Rare Metals ($UCU / $UURAF),i think bringing it all back to North america is huge and the gov't funding is bigger than most think
2025-04-14,COMMENT,stocks_picks,UURAF,2,NEUTRAL,1,1.01,13.15,14.08,3.88,Ucore Rare Metals ($UCU / $UURAF),i think bringing it all back to North america is huge and the gov't funding is bigger than most think
