Subreddits_Appeared,Market_Cap_Size,Consensus_Sentiment,Signal_Count,1D_Alpha(%),1W_Alpha(%),2W_Alpha(%),3W_Alpha(%),1M_Alpha(%)
ValueInvesting,Large,NEUTRAL,415,0.18,0.67,1.29,1.83,1.66
stocks_picks,Unknown,NEUTRAL,362,-1.49,-3.09,-4.46,-5.64,-6.28
ValueInvesting,Large,NEGATIVE,357,-0.03,0.57,1.48,2.21,2.39
pennystocks,Unknown,POSITIVE,326,0.31,-1.94,-6.08,-2.8,-9.45
ValueInvesting,Large,POSITIVE,325,0.16,1.12,2.15,2.87,2.35
stocks_picks,Large,NEUTRAL,298,0.02,0.15,-0.23,-0.77,-0.47
stocks_picks,Large,POSITIVE,243,0.31,0.04,0.51,-0.28,-0.57
pennystocks,Small,POSITIVE,239,-0.05,-0.09,-2.31,-1.33,15.01
ValueInvesting,Unknown,NEUTRAL,228,0.02,-0.15,0.66,2.04,-0.56
stocks_picks,Unknown,POSITIVE,218,0.78,-0.78,2.34,-3.28,-5.94
ValueInvesting,Unknown,POSITIVE,207,0.08,-0.22,-0.18,-0.26,0.71
pennystocks,Unknown,NEUTRAL,205,0.57,-1.02,-3.53,-4.62,-11.32
stocks_picks,Mid,NEUTRAL,176,0.93,-0.96,-0.65,-1.44,-1.34
pennystocks,Small,NEUTRAL,142,0.87,-1.56,-0.53,0.03,1.09
pennystocks,Mid,POSITIVE,125,1.37,1.61,2.85,8.7,16.11
pennystocks,Unknown,NEGATIVE,106,-0.46,-5.69,-7.75,-10.38,-15.18
ValueInvesting,Unknown,NEGATIVE,104,-0.26,-0.07,-0.31,-1.75,-1.04
stocks_picks,Large,NEGATIVE,100,-0.42,-0.61,0.22,0.23,1.79
ValueInvesting,Mid,NEUTRAL,95,0.45,0.17,1.5,6.58,4.97
stocks_picks,Mid,POSITIVE,90,0.51,-0.91,-2.4,-1.38,0.63
ValueInvesting,Mid,POSITIVE,84,0.47,0.59,1.78,1.88,10.11
pennystocks,Mid,NEUTRAL,78,0.75,3.11,5.24,9.73,12.96
ValueInvesting,Mid,NEGATIVE,75,-0.17,0.84,2.72,0.84,0.02
stocks_picks,Unknown,NEGATIVE,72,0.35,1.1,-0.7,-3.15,-3.86
pennystocks,Small,NEGATIVE,72,0.52,-7.9,-9.18,-8.74,5.74
stocks_picks,Small,POSITIVE,68,-1.13,15.11,14.7,33.43,48.82
pennystocks,Large,NEUTRAL,63,-0.46,0.71,1.22,1.08,2.54
"stocks_picks, ValueInvesting",Large,POSITIVE,55,0.54,1.25,1.86,2.77,3.63
stocks_picks,Small,NEUTRAL,50,-0.69,-3.53,5.52,4.44,9.12
"stocks_picks, ValueInvesting",Large,NEGATIVE,44,-0.18,0.12,3.96,3.68,4.86
stocks_picks,Mid,NEGATIVE,42,0.49,-0.88,-1.86,-1.75,-3.4
pennystocks,Large,POSITIVE,39,-0.71,-0.15,2.2,5.58,4.69
pennystocks,Mid,NEGATIVE,35,1.0,4.09,1.39,4.45,11.23
"stocks_picks, ValueInvesting",Large,NEUTRAL,30,1.63,0.66,1.97,4.96,5.22
pennystocks,Large,NEGATIVE,24,1.79,1.27,2.44,5.53,6.92
ValueInvesting,Small,NEUTRAL,21,0.98,-3.46,-5.32,-3.3,0.6
ValueInvesting,Small,NEGATIVE,20,-1.72,-4.04,-3.51,-10.34,-22.51
"stocks_picks, pennystocks",Unknown,POSITIVE,19,-7.11,-15.73,-27.7,-25.29,-35.39
"stocks_picks, pennystocks",Small,POSITIVE,18,3.46,-3.27,-6.28,-15.68,-26.75
ValueInvesting,Small,POSITIVE,12,-1.41,1.7,4.02,6.28,18.33
"ValueInvesting, pennystocks",Large,NEGATIVE,10,1.66,2.21,3.17,0.56,-1.13
"stocks_picks, ValueInvesting",Unknown,POSITIVE,9,0.14,-1.51,-3.15,-10.87,-1.68
"stocks_picks, pennystocks",Mid,POSITIVE,9,6.76,-1.35,7.03,7.63,10.64
"stocks_picks, ValueInvesting, pennystocks",Large,POSITIVE,9,-0.36,2.15,2.2,5.12,18.85
stocks_picks,Small,NEGATIVE,8,-9.33,-16.38,-24.66,-22.82,-12.57
"stocks_picks, pennystocks",Large,POSITIVE,8,-2.46,-4.4,-5.06,-1.98,1.23
"ValueInvesting, pennystocks",Small,POSITIVE,7,4.42,10.78,-10.78,,
"stocks_picks, pennystocks",Small,NEUTRAL,6,-5.37,-1.37,-22.58,-32.09,-15.63
"ValueInvesting, pennystocks",Large,POSITIVE,5,1.05,2.21,6.0,14.82,16.69
"stocks_picks, pennystocks",Unknown,NEUTRAL,4,1.3,3.3,1.66,4.19,4.12
"stocks_picks, pennystocks",Large,NEUTRAL,4,-0.85,-8.7,-7.46,-8.62,-4.7
"stocks_picks, pennystocks",Large,NEGATIVE,4,-0.36,-2.7,-2.89,-2.23,-2.18
"ValueInvesting, pennystocks",Large,NEUTRAL,4,-0.24,-0.16,-0.76,-0.51,
"stocks_picks, ValueInvesting",Mid,POSITIVE,4,-0.73,2.11,7.85,23.9,13.44
"stocks_picks, ValueInvesting",Unknown,NEGATIVE,4,1.91,-7.52,-19.32,-23.59,-38.38
"stocks_picks, pennystocks",Mid,NEUTRAL,3,-2.36,0.01,21.68,16.09,30.8
"stocks_picks, ValueInvesting",Unknown,NEUTRAL,3,0.67,0.6,-2.96,-0.13,2.95
"stocks_picks, ValueInvesting, pennystocks",Large,NEGATIVE,2,-0.13,-0.57,2.66,1.91,2.08
"stocks_picks, ValueInvesting",Mid,NEGATIVE,2,3.08,5.62,8.69,7.58,-2.7
"stocks_picks, ValueInvesting",Mid,NEUTRAL,2,19.88,28.99,18.45,-4.62,-7.18
"stocks_picks, ValueInvesting, pennystocks",Unknown,NEGATIVE,2,-3.32,-6.39,-5.64,-22.08,
"stocks_picks, ValueInvesting",Small,POSITIVE,1,22.14,-5.53,-11.54,,
"stocks_picks, ValueInvesting, pennystocks",Unknown,POSITIVE,1,-5.09,-18.03,8.49,,
"stocks_picks, pennystocks",Mid,NEGATIVE,1,4.46,-12.26,,,
"stocks_picks, ValueInvesting, pennystocks",Small,POSITIVE,1,-10.28,-5.96,-30.12,,
"stocks_picks, ValueInvesting, pennystocks",Mid,POSITIVE,1,2.62,1.0,0.48,5.23,13.35
"stocks_picks, pennystocks",Small,NEGATIVE,1,-5.49,25.97,,,
"ValueInvesting, pennystocks",Mid,POSITIVE,1,-2.88,-6.33,0.47,-8.47,
"ValueInvesting, pennystocks",Small,NEUTRAL,1,0.39,-31.78,,,
"ValueInvesting, pennystocks",Unknown,POSITIVE,1,0.55,4.77,8.12,8.35,11.37
"stocks_picks, ValueInvesting, pennystocks",Large,NEUTRAL,1,2.23,3.91,2.88,0.35,
